"#阑瘤肺3啊开 浅版,#8110滚胶鸥绊 陋篮 滚胶咯青窍绊 酵菌带 厚坷绰 坷疵 酒魔矫埃,#葛电  塞蛮 框流烙  加俊 郴啊 乐绰 弊 棍瞒坷抚狼 鉴埃...???"
货肺积变 父乏目乔 荤捞令啊 肯傈 父乏!! 1府磐楼府啊 2200盔!! 措冠老技促澜浚 谍芭 冈绢毫具瘤 せ #阑瘤肺3啊开 #父乏目乔 #措冠
榜桂捞 #康遏榜桂捞 #阑瘤肺3啊开
坷狐 绝捞档 怖 啊具瘤?...#阑瘤肺3啊开 #堡厘 #老夯啊沥侥 #反胶鸥弊伐
"坷疵狼 历翅篮 鉴措沥侥涝聪促.盔贰绰 23老鳖瘤父 茄促绰 蜡疙茄 鉴措啊 泵陛秦 漠硼甫 窍绊 崔妨吭绰单, 坷疵篮 霖厚茄 剧阑 促 颇矫绊 沥府 窍绊 拌矫歹焙夸.寸楷洒 给 冈阑芭扼绰 积阿俊 催漠惫荐唱 家荐腊阑 2救栏肺 积阿 秦 滴绊 乐菌绰单肚 鉴措惫 冈扁肺 沁栏搁 鉴措甫 冈绢具瘤 窍绊辟贸俊 肚 唱抚 蜡疙茄 鉴措惫笼阑 吭嚼聪促.积阿 秦 焊搁 鉴措绰 冈绢档 捞繁 傈烹鉴措绰 救 冈促啊焙积劝 窍搁辑 冈扁 矫累沁芭电夸.沥扁利栏肺 矛败冈阑 沥档肺 叼霸 亮酒窍带 澜侥捞菌绰单夸击 粱 肋 救 冈绰芭 鞍匙夸.鞠瓢 雀荤 辟贸俊档 咐乐绰 鉴措惫笼捞 腹瘤父乞家 鉴措绰 力林鉴措甫 栏朵栏肺 摹绰单辑匡俊辑档 捞繁 鉴措甫 冈阑 荐 乐备唱...窍绊 愁耳嚼聪促.9玫盔俊 鉴措档 荐腊档 捞k霸 滴伯霸 戒绢廉辑 唱坷匙夸~#江茄档矫巢磊 #阑瘤肺3啊开 #阑瘤肺4啊开 #魂荐癌魂#鉴措沥侥"
辑盔酒何瘤 措冠 唱技夸??????阑瘤肺3啊开 吩单矫萍龋炮饶巩俊 乐绢夸??#墨其imt#墨其imt阑瘤肺痢#阑瘤肺3啊开#墨其
"捞 榜格. #炼急苛, #救己苛, #技柳侥寸 殿殿#阑瘤肺3啊开 辟贸 嘲篮 捞 辨捞 沥般促."
"呈鄂 绊扁,. 荤尔茄促せせせ#家绊扁 #芒绊43 #阑瘤肺3啊开 #雀荤 #雀侥"
备抚捞 抗坏辑 磊操 嘛绊 酵促? #啊阑备抚 #啊阑 #阑瘤肺3啊开 #辆肺
檬措捞亥飘俊 寸梅秦辑 肚 促矫 孤瘤拿 焊矾咳せせせ#靛烦墓 #疙焊酒飘圈 #孤瘤拿 #捞亥飘 #寸梅 #檬措鼻栏肺 #阑瘤肺3啊开 #阂陛
阑瘤肺伙阿开俊辑嘛绰伎墨涝聪促 #伙急浇府欺 #阑瘤肺3啊开 #伎墨 #伎墨弊伐
#坷疵档 #凯缴洒 #目乔汉绰 #侩裹捞 #阑瘤肺3啊开 #1锅免备 #目乔茄距规 #勤靛肺胶泼 #鞘磐胶其既酒捞胶 #炉捞聪 #江江江江江江 #目乔氢俊秒窃
#畴槛牢矫汲 辆荤磊 狼公 牢鼻背腊#阑瘤肺3啊开#惫啊牢鼻困盔雀#畴槛牢矫汲#牢鼻背腊#单老府#28混#凯老吝
"酒流档 捣林绊 荤冈聪?个概亮篮 固矫赤, 蜡何赤 惑措肺 冀胶 窍技侩せせ#老惑 #邦己 #辑蓖器矫咐笼 #固开惫 #目敲胶鸥弊伐 #阑瘤肺3啊开 #辆阿 #琴 #匡魂措切背 #盔寸 #籍拌开 #窍捞鳃 #渴胶鸥弊伐 #吝绊瞒概概"
2016.9.21.#悼版快悼 墨饭 快悼 霓厚~ 坷玫盔咐唱绊 仟咙窍绊 ?坷疵档 咐笼 家俺 绊付况 @pururu_park ?..#面公肺咐笼 #吝备咐笼 #阑瘤肺咐笼 #咐痢 #咐笼 #快悼咐笼 #硅阂 #阑瘤肺3啊开 #老惑 #junggu #Euljiro #chungmuro #food #Udon #daily #9cam
#阑瘤肺3啊开 救版笼芭匡俊辑 せせせせせ#家烹#老惑#单捞飘#反胶鸥弊伐#瘤闷绢#窍窍窍#尘篮 300厘: )
郴 牢积阑 康拳肺 父电促搁 窍瘤瓤绰 酒付 纠胶瓶矾码? @hajihyo #目乔茄距规 #目乔茄距规夯痢 #目乔 #茄距规 #阑瘤肺 #阑瘤肺墨其 #阑瘤肺3啊 #阑瘤肺3啊开 #阑瘤肺3啊墨其 #鞘磐目乔 #扼都 #酒皋府墨畴 #coffee #cafe #americano #latte #目乔胶鸥弊伐 #靛赋目乔 #模备
烤朝娟扁 #目乔茄距规 #目乔茄距规夯痢 #目乔 #茄距规 #阑瘤肺 #阑瘤肺墨其 #阑瘤肺3啊 #阑瘤肺3啊开 #阑瘤肺3啊墨其 #鞘磐目乔 #扼都 #酒皋府墨畴 #coffee #cafe #americano #latte #目乔胶鸥弊伐 #靛赋目乔
瘤档俊 唱坷瘤 臼绰 辨 #目乔茄距规 #目乔茄距规夯痢 #目乔 #茄距规 #阑瘤肺 #阑瘤肺墨其 #阑瘤肺3啊 #阑瘤肺3啊开 #阑瘤肺3啊墨其 #鞘磐目乔 #扼都 #酒皋府墨畴 #coffee #cafe #americano #latte #目乔胶鸥弊伐 #靛赋目乔
割崔父俊 坷聪鳖 脚扁茄 狼磊啊 积败乐匙#辑匡#阑瘤肺3啊开#啊肺荐辨#脚荤#啊绰辨#碱俏#伎乔#措傈#攫力啊瘤#单老府#单老府疯
鹉涮??荇虮猿鹉笊椹掬????莛谔??僖牦谔?#阑瘤肺3啊开
????.......#Instasize #instagram #selfie #selstagram #daily #dailylook #style #instagood#单老府 #单老府疯#羔户#羔户摹付#浚俩府呈胶#阑瘤肺3啊开#老惑 #伎墨 #伎胶鸥弊伐 #倔胶鸥弊伐 #亮酒夸 #迫肺快 #家烹#牢模#急迫#嘎迫
#力林伙促捣 #伙般混 #没沥蹬瘤 #阑瘤肺3啊开 #阑瘤肺雀侥 #伙促捣阑瘤肺 #措噶混 #力林坷般混 #力林坷般 #力林格混 #格混 #伙促捣悸飘 #力林咐笼 #阑瘤肺咐笼 #疙前积哎厚 #阑瘤肺痢缴 #绊眠厘骂霸 #力腊沥侥 #拌鄂买 #绊殿绢辫摹买 #瞒倒等厘 #措噶混 #坷盒磊扁兑硅扁 #秦拱兑硅扁 #没沥蹬瘤 #阑瘤肺3啊开 #阑瘤肺雀侥 #伙促捣阑瘤肺 #伙促捣辫摹骂霸 #伙促捣咐笼 #伙促捣措噶混 #绊扁 #没沥蹬瘤 #捞锰悼 #阑瘤肺痢缴
脚涝锭阜去唱绊咯扁旧酒辑匡绊弊法菌绰单せせせせせ 恐弊法措せせせせせせせせせ#阑瘤肺3啊开 #瘤窍枚2龋急 #恐弊法措#眠撅迫捞 #せせせせせ
#阑瘤肺3啊开 #眠撅咯秦吝 #去磊愁扁#坷葛府骂俺 ..目乔后贸澜涝荤秦辑老沁带阑瘤肺3啊开老林老俊技匙锅篮客辑冈菌带淀せせせ..#弊目乔后篮捞力荤扼脸瘤父....#坷疵霉尝 #坷葛府骂俺 #阑瘤肺3啊
篮龋具 芭狼 4斥父俊 焊绰备唱!! 措切积锭 呈 柄况辑 傍瞒矾埃霸 军弊力 鞍篮单 捞哩 辑肺 磊府棱绊 混绊 乐匙~ 磊林焊鲤!!#包悼措 #版力切苞 #10切锅 #眠撅 #技岿 #悼扁 #阑瘤肺3啊开 #茄贾力瘤 #ing积疙 #颇牢俊厚春 #亮酒夸嘎亮酒夸 #急迫窍搁嘎迫 #家烹 #墨其 澜丰啊 柳楼 咐乐菌澜
夸硫 磊操 皑悼阑 林绰 窍疵丛饺促啊亮促啊 磊操 捞矾扁 乐扁绝扁?! ⒔#2016斥 #瘤边瘤边茄歹困场 #芭窿富鞍篮啊阑窍疵#阑瘤肺3啊开
#都风客 #阑瘤肺痢 #阑瘤肺3啊开 #积苞老陵胶 #目乔 #颇聪聪 #橇饭榴 #弥绊 #锅芒窍技夸 #抄叠扁夸芭啊亮酒 #??
#目乔茄距规 ? 荤柳 歹-阑瘤肺 积阿焊促 概仿利牢 悼匙烙 せせ辑锰合锰捞尔篮 促福霸 烤胶矾款 蠢肠#榜格 #阑瘤肺3啊开 #阑瘤肺2啊墨其 #阑瘤肺墨其
弊成 啊鳖况辑 柯 扒单 蚕 宝满篮吧#目乔茄距规 #阑瘤肺3啊开 #阑瘤肺2啊墨其 #阑瘤肺墨其
.#措冠 #咐笼 #阑瘤肺3啊开 #阑瘤肺痢 #傈林苛 #坷隆绢 #阂哎厚买 #坷隆绢阂哎厚买 #琴咐 #粮咐 #咐胶鸥弊伐 #冈胶鸥弊伐 #侥档遏啊 #foodie #food #instafood #h_foodt
寇惫牢捞扼 历绰 粱 弊k瘤父牢胶鸥弊伐 模备盒甸篮 捞亥飘 览葛窍技夸~#江茄档矫巢磊 #阑瘤肺3啊开 #9988健阂备捞
"坷疵狼 绊扁眉牢瘤绰 蹬瘤空哎厚涝聪促.窖 绊扁笼阑 茫酒客辑 2牢盒 2牢盒 蝶肺 谗绢 矫虐蠢聪傲 茄 锅俊 4牢盒 矫虐瘤 窍绊 矫淖绰单剧捞 喊风.... 败快 家林 茄 捍阑 厚奎绰单捞葛丛捞 ""阂 哗拎夸?"" 弊贰夸.弊贰辑 泪瘪 噶汲捞聪瘪 ""空哎厚?"" 窍矫匙夸.窍咯, 1牢盒 矫淖嚼聪促.酒付档 瘤抄 锅 规巩阑 扁撅窍矫绰芭 鞍酒夸.力啊 6岿 6老朝 绊扁啊 呈~公 冈绊 酵菌芭电夸?弊贰辑 咯辨 吭绰单 盔贰 焊促 绊扁蔼捞 冻绢廉辑剧充哎厚甫 去磊 阜 矫难 冈菌芭耽夸.弊锭 绒老烙俊档 阂备窍绊圈肺 硼辟矫埃俊 剧充空哎厚甫 咐乐霸 冈带寇惫牢 畴悼磊啊 牢惑俊 巢栏继唱毫夸.盔贰绰 窖 窜啊父怒 伎橇辑厚胶牢单 流立 备况林矫搁辑流拜藕阑 朝府矫匙夸. ""茄惫富... 促 舅酒佃烈?"" 茄惫富 傍何 凯缴洒秦辑 郴斥俊 客具瘤.#江茄档矫巢磊 #阑瘤肺3啊开 #9988健阂备捞"
"坷疵狼 历翅篮 伙般混涝聪促.巢篮 8岿篮苞侥磊力窍磊贱 付矫瘤 富磊 弊犯霸 促咙阑 秦 初绊绰酒魔何磐 伙般混捞 冈绊 酵绢辑 斑叼瘤甫 给窍摆歹扼备夸.弊贰辑 苞侥 棺 苞澜 规瘤肺胶鸥飘发 厚挎靛档 唱抚 疙寸磊府肺 谗绢躇绰单秒家窍绊 绊扁 冈栏矾 吭绢夸.捞 笼篮 荐涝 伙般混捞 贸澜浚 1牢盒俊 5玫盔 窍带吧坷锹青荤扼绊 50%俊 迫酒辑 促矫 吭歹聪3玫盔栏肺 啊拜捞 撤酒柳 弊繁 笼捞烈.夸哥磨 瘤唱促聪搁辑绰 力林坷般混 1父3玫盔 利绢躇辨贰开矫 窖扒 檬扁俊 泪瘪 迫疽备唱... 捞法绰单阜惑 甸绢吭歹聪 侗 乐匙夸.咯扁 轿辑 去磊 硅阂府 绊扁 冈扁 迭 亮篮单荤厘丛 何何啊 历 寇惫牢栏肺 舅绊 拌寂辑 捞霸 力老 阂祈秦夸.官悔霸 坷哥啊哥 老窍矫绰单 被~捞 秦疙窍扁档 弊k绊.. 鞠瓢, 冈绊 酵菌带 绊扁绰 曼 咐乐匙夸.#江茄档矫巢磊 #阑瘤肺3啊开 #9988健阂备捞"
.瘤唱促聪搁辑- 疵 啊焊绊 酵菌绰单- ?? 靛叼绢 冈绢 焊疽瘤夸- 沥富 咐乐菌绊 ?? 模例窍继绊 ?? 啊拜鳖瘤 馒窍促夸 ?? 岗何赴 澜侥痢苞 冈芭府肺 逞媚唱绰 夸硫- 蝶舵窍绊 青汗茄 逛 冈霸 秦林寂辑 皑荤钦聪促 #辑锰 #备皋备皋 #面公肺咐笼 #阑瘤肺咐笼 #阑瘤肺3啊开 #8锅免备 #悼版快悼 #快悼笼 #坷淡快悼 #蝶舵茄澜侥 #侥寸篮 #捞贰具瘤 #?? #窜龋冠
瘤唱促啊 抗坏辑. #积劝目乔 #酒皋府墨畴?? #阑瘤肺3啊开 #骋唱逮促
#力林伙促捣 #阑瘤肺3啊开 #秦拱鉴滴何 #伙般混 #没沥蹬瘤 #阑瘤肺3啊开 #阑瘤肺雀侥 #伙促捣阑瘤肺 #措噶混 #力林坷般混 #力林坷般 #力林格混 #格混 #伙促捣悸飘 #力林咐笼 #阑瘤肺咐笼 #疙前积哎厚 #阑瘤肺痢缴 #绊眠厘骂霸 #力腊沥侥 #拌鄂买 #绊殿绢辫摹买 #瞒倒等厘 #soondoboo #seafoodsoup #mixseafood #seafoodhotpot
#坷疵 #历翅 #凉咐 #蹬瘤绊扁#积哎厚 #格混 #伙般混#伙促捣 #哎厚混 #疙悼#阑瘤肺3啊开 #1锅免备
"江茄档矫巢磊狼 坷疵狼 茄 儡篮 阂催部摹客 积钙林涝聪促.弊成 捞锅 林富捞 公逮变 沁瘤父 咯抚鞍篮 付瘤阜 林富鞍酒辑夸.锅俺甫 媚 焊妨 沁瘤父 彬阐窍霸 噶窍绊具辟阑 粱 窍促啊 弊成 笼俊 啊瘤 给窍绊 辆肺 率栏肺 吧绢吭嚼聪促.辟单 肚 硅 何福绊 付顶洒 哎 镑篮 涟...秦辑阑瘤肺 积钙林 榜格栏肺 吭烈.捞繁 阂陛俊 去磊 啊搁 旧阑 磊府唱 乐摆唱 酵菌绰单啊阐 坷绰 笼 酒林赣聪啊 钢府辑 何磐 例 焊矫绊绰绢辑 坷扼哥 巩阑 凯矾林矫绊绰 1疙捞扼绊 割锅栏肺 救郴秦 靛府扼 窍矫匙夸.夸硫 去磊 促聪搁 促家 阂祈茄 坷秦甸捞 积败辑 登档废捞谷 去瘤 救 促匆扼窍绰单,去磊客档 捞k霸 肋 矛败 林绰 笼篮 曼 亮嚼聪促.#江茄档矫巢磊 #阑瘤肺3啊开 #付何龋橇#阂催部摹"
农~~ 滴锅掳 规巩 #阑瘤搁苛 #18锅磊府 #厚忽趁搁 #趁搁 #祈腊 #蹬瘤绊扁 #货快粒 #腊荐 #阑瘤肺3啊开 #咐笼 #券惑狼炼钦 #酚酚??
#辑匡 #辑匡咯青 #吝备 #阑瘤肺3啊开 #巢措巩技公辑 #疙悼 #疙悼己寸荤芭府 #疙悼己寸 #辆泅己寸 #疙悼林背谅己寸
#辑匡 #辑匡咯青 #吝备 #阑瘤肺3啊开 #巢措巩技公辑 #疙悼 #疙悼己寸荤芭府 #疙悼己寸 #辆泅己寸 #疙悼林背谅己寸
#辑匡 #辑匡咯青 #吝备 #阑瘤肺3啊开 #巢措巩技公辑 #疙悼 #疙悼己寸荤芭府 #疙悼己寸 #辆泅己寸 #疙悼林背谅己寸 #固荤
#辑匡 #辑匡咯青 #吝备 #阑瘤肺3啊开 #巢措巩技公辑 #疙悼 #疙悼己寸荤芭府 #疙悼己寸 #辆泅己寸 #疙悼林背谅己寸
#辑匡 #辑匡咯青 #吝备 #阑瘤肺3啊开 #巢措巩技公辑 #疙悼 #疙悼己寸荤芭府 #疙悼己寸 #辆泅己寸 #疙悼林背谅己寸
"坷饶6矫, 疙悼己寸 辆家府#辑匡 #辑匡咯青 #吝备 #阑瘤肺3啊开 #巢措巩技公辑 #疙悼 #疙悼己寸荤芭府 #疙悼己寸 #辆泅己寸 #疙悼林背谅己寸 #辆家府"
"荤屈急绊 罐栏缴, 1994, 厘悼龋_#辑匡 #辑匡咯青 #吝备 #阑瘤肺3啊开 #巢措巩技公辑 #疙悼 #疙悼己寸荤芭府 #疙悼己寸 #辆泅己寸 #疙悼林背谅己寸"
#辑匡 #辑匡咯青 #吝备 #阑瘤肺3啊开 #巢措巩技公辑 #疙悼 #疙悼己寸荤芭府 #疙悼己寸 #辆泅己寸 #疙悼林背谅己寸
#辑匡 #辑匡咯青 #吝备 #阑瘤肺3啊开 #巢措巩技公辑 #疙悼 #疙悼己寸荤芭府 #疙悼己寸 #辆泅己寸 #疙悼林背谅己寸
#辑匡 #辑匡咯青 #吝备 #阑瘤肺3啊开 #巢措巩技公辑 #疙悼 #疙悼己寸荤芭府 #疙悼己寸 #辆泅己寸 #疙悼林背谅己寸 #瘤窍己寸绊秦家
"@coing_coing, 结聪, 卤卤捞客 窃膊?_#辑匡 #辑匡咯青 #吝备 #阑瘤肺3啊开 #巢措巩技公辑 #疙悼 #疙悼己寸荤芭府 #疙悼己寸"
"绊剧捞 虐傅?传俊辑 颇尔 阂蝴捞 馆娄, 聪侩聪侩?快府 酒扼绰 肋 乐唱? 焊绊蔷~_#辑匡 #辑匡咯青 #吝备 #阑瘤肺3啊开 #巢措巩技公辑 #疙悼 #疙悼己寸荤芭府 #疙悼己寸扁充前 #绊剧捞虐傅"
疙悼己寸 胶畴快杭? 捞悔寸 ぞぞ@justina_eun 夸繁芭 亮酒窍摆瘤? 烤促~ 聪 急拱?_#辑匡 #辑匡咯青 #吝备 #阑瘤肺3啊开 #巢措巩技公辑 #疙悼 #疙悼己寸荤芭府 #疙悼己寸扁充前 #胶畴快杭
疙悼己寸 荤芭府俊辑 坷福阜辨肺棵扼啊促焊搁 疙悼己寸 扁充前 啊霸啊 唱咳_#辑匡 #辑匡咯青 #吝备 #阑瘤肺3啊开 #巢措巩技公辑 #疙悼 #疙悼己寸荤芭府 #疙悼己寸
历扁 幌练茄 扒拱篮 够鳖?快赴 疙悼己寸 荤芭府俊 乐菌促绰吧匙捞滚 瘤档甫 焊绊 舅霸 登菌瘤? 官轰_#辑匡 #辑匡咯青 #吝备 #阑瘤肺3啊开 #巢措巩技公辑 #疙悼 #疙悼己寸荤芭府
涝怠窍绰 烙魂何客 窃膊 咯青~瞒钢固俊 促鞍捞 匡贩匡贩 绊烹阑 蠢尝哥?促遏付阑俊辑 痢缴侥荤 咐乐霸 橙橙_#辑匡 #辑匡咯青 #吝备 #阑瘤肺3啊开 #巢措巩技公辑 #疙悼 #疙悼己寸荤芭府 #促遏付阑 #春垮慢胶抛捞农 #胶颇捞矫摹挪颇胶鸥 #绊福帮凉扼摹令乔磊 #磊根俊捞靛 #坷坊瘤俊捞靛 #咐笼
#辑匡 #辑匡咯青 #吝备 #阑瘤肺3啊开 #巢措巩技公辑 #疙悼 #疙悼己寸荤芭府 #促遏付阑 #绊福帮凉扼摹令乔磊 #咐笼
#辑匡 #辑匡咯青 #吝备 #阑瘤肺3啊开 #巢措巩技公辑 #疙悼 #疙悼己寸荤芭府 #促遏付阑 #胶颇捞矫摹挪颇胶鸥 #咐笼
#辑匡 #辑匡咯青 #吝备 #阑瘤肺3啊开 #巢措巩技公辑 #疙悼 #疙悼己寸荤芭府 #促遏付阑 #春垮慢胶抛捞农 #咐笼
#辑匡 #辑匡咯青 #吝备 #阑瘤肺3啊开 #巢措巩技公辑 #疙悼 #疙悼己寸荤芭府 #促遏付阑 #咐笼
漂捞茄镑俊 乐匙.#龋炮荐急拳#阑瘤肺3啊开#目乔俭?#官?#叼磊牢讥?#够鳖せせ
#力林伙促捣 #伙般混 #没沥蹬瘤 #阑瘤肺3啊开 #阑瘤肺雀侥 #伙促捣阑瘤肺 #措噶混 #力林坷般混 #力林坷般 #力林格混 #格混 #伙促捣悸飘 #力林咐笼 #阑瘤肺咐笼 #疙前积哎厚 #阑瘤肺痢缴 #绊眠厘骂霸 #力腊沥侥 #拌鄂买 #绊殿绢辫摹买 #瞒倒等厘 #伙般混 #捞锰悼痢
#阑瘤肺3啊开#阑瘤搁苛#乞剧趁搁#祈腊馆#19000盔#牢积趁搁#固家啊例肺唱咳#33斥悼救构沁衬捞繁笼档葛福绊
#力林伙促捣 #伙般混 #没沥蹬瘤 #阑瘤肺3啊开 #阑瘤肺雀侥 #伙促捣阑瘤肺 #措噶混 #力林坷般混 #力林坷般 #力林格混 #格混 #伙促捣悸飘 #力林咐笼 #阑瘤肺咐笼 没沥蹬瘤肺 #阑瘤肺雀侥 #力林墨聪惯
捞配废 概仿利牢 阑瘤肺.#目乔茄距规#阑瘤肺2啊#阑瘤肺3啊开#目乔#鞘磐目乔#墨其#后萍瘤#阑瘤蜡恩#阑瘤肺沤规#阑瘤肺咐笼#euljiro#seoul#korea#coffee#cafe#filtercoffee#vintage#euljirotour#冈胶鸥弊伐
烹倒捞 盔滴 肺胶泼档 弊犯绊 后萍瘤茄 盒困扁档 绢凋啊 焊堡悼 秋墨其客 脆酒 乐绰 镑.弊贰辑 瘤苛 促规捞 坷阀父俊 歹 积阿捞 车促.LP魄俊辑 唱坷绰 澜厩阑 哈伙酒 酒捞胶肺 咐夯 浇矾矫 倔澜阑 歹茄 鞘磐 目乔 咐 曼 宝满疽促.#目乔茄距规#阑瘤肺2啊#阑瘤肺3啊开#阑瘤肺#目乔#鞘磐目乔#墨其#后萍瘤#阑瘤蜡恩#阑瘤肺沤规#阑瘤肺咐笼#euljiro#seoul#korea#coffee#cafe#filtercoffee#vintage#euljirotour#冈胶鸥弊伐
阑瘤肺3啊 开 良篮 榜格救俊 困摹茄 '目乔 茄距规'.楷必硅快 碍辣籍揪啊 家厘前苞 牢抛府绢 家前阑 傍荐秦 操刮 傍埃栏肺 辟贸 '龋炮 荐急拳'客 歹阂绢 蜡聪农窍绊 后萍瘤茄 傍埃捞 概仿利.甸矾 杭父茄 畴器 澜侥痢甸苞 歹阂绢 阑瘤蜡恩阑 栋唱杭 父窍促.#目乔茄距规#阑瘤肺2啊#阑瘤肺3啊开#目乔#鞘磐目乔#墨其#后萍瘤#阑瘤蜡恩#阑瘤肺沤规#阑瘤肺咐笼#euljiro#seoul#korea#coffee#cafe#filtercoffee#vintage#euljirotour#冈胶鸥弊伐
力林伙促捣咯矾盒阑券康钦聪促?穸卟引允?缡愚诗钴蚊?Tel:02-2267-3392#没沥蹬瘤 #阑瘤肺3啊开 #阑瘤肺痢缴 #绊眠厘骂霸 #捞锰悼痢 #伙促捣 #伙促捣啊 #力林伙促捣 #阑瘤肺涝备咐笼 #阑瘤肺3啊开 #力林坷般 #力林格混 #格混 #伙促捣悸飘 #力林咐笼 #阑瘤肺咐笼
"阑瘤肺 伙促捣 痢缴力林1殿鞭 没沥力林蹬瘤1殿鞭 坷般混,格混,措噶混,疙前积哎厚.阑瘤肺3啊开 1锅免备 02-2267-3392捞锰悼痢  02-  792-3392 钦沥痢  02-3144-2052 距荐痢  02-2252-2052#pork  #伙般混 #没沥蹬瘤 #阑瘤肺3啊开 #阑瘤肺雀侥 #伙促捣阑瘤肺 #措噶混 #力林坷般混 #力林坷般 #力林格混 #格混 #伙促捣悸飘 #力林咐笼 #阑瘤肺咐笼 #疙前积哎厚 #阑瘤肺痢缴 #绊眠厘骂霸 #力腊沥侥 #拌鄂买 #绊殿绢辫摹买 #瞒倒等厘 #措噶混 #坷盒磊扁兑硅扁 #秦拱兑 #伙促捣阑瘤肺"
"阑瘤肺 伙促捣 痢缴力林1殿鞭 没沥力林蹬瘤1殿鞭 坷般混,格混,措噶混,疙前积哎厚.阑瘤肺3啊开 1锅免备 02-2267-3392捞锰悼痢  02-  792-3392 钦沥痢  02-3144-2052 距荐痢  02-2252-2052#力林伙促捣 #伙般混 #没沥蹬瘤 #阑瘤肺3啊开 #阑瘤肺雀侥 #伙促捣阑瘤肺 #措噶混 #力林坷般混 #力林坷般 #力林格混 #格混 #伙促捣悸飘 #力林咐笼 #阑瘤肺咐笼 #没沥蹬瘤 #阑瘤肺雀侥 ##伙般混 #没沥蹬瘤 #捞锰悼 #力林 #绊扁 #格混 #蹬瘤积哎厚 #戈摹咀粒 #捞锰悼咐笼 #阑瘤肺伙促捣 #阑瘤肺2啊 #阑瘤肺3啊开 #阑瘤肺3啊开脚茄积疙 #疙前积哎厚"
?厘痢捞 腹促. 13斥瞒 老窍搁辑 割老楼府 绒啊哗帮 浆绢夯利捞 绝菌促. 咯变 痹蘑捞 乐瘤父 咯蜡酚促. 积阿且 矫埃捞 腹绊 唱甫 茄锅码 促矫 倒酒焊霸 父甸绢霖促.拌扁鄂 购啊甫 掘阑锭啊 酒囱 购啊甫 酪阑锭 积变促绰 富贸烦. 拌扁啊 瞪荐乐摆促.??#涝盔吝 #牢力措切背 #归捍盔 #阑瘤肺3啊开 #捍盔胶鸥弊伐 #券磊胶鸥弊伐 #涝盔胶鸥弊伐 #绒侥 #积阿 #翠茫扁 #老惑 #单老府 #daily #家烹
"阑瘤肺 伙促捣 痢缴力林1殿鞭 没沥力林蹬瘤1殿鞭 坷般混,格混,措噶混,疙前积哎厚.阑瘤肺3啊开 1锅免备 02-2267-3392捞锰悼痢  02-  792-3392 钦沥痢  02-3144-2052 距荐痢  02-2252-2052#力林伙促捣 #伙般混 #没沥蹬瘤 #阑瘤肺3啊开 #阑瘤肺雀侥 #伙促捣阑瘤肺 #措噶混 #力林坷般混 #力林坷般 #力林格混 #格混 #伙促捣悸飘 #伙般混 #没沥蹬瘤  #阑瘤肺痢缴 #绊眠厘骂霸 #力腊沥侥 #拌鄂买 #绊殿绢辫摹买 #瞒倒等厘 #措噶混 #坷盒磊扁兑硅扁 #秦拱兑"
"阑瘤肺 伙促捣 痢缴力林1殿鞭 没沥力林蹬瘤1殿鞭 坷般混,格混,措噶混,疙前积哎厚.阑瘤肺3啊开 1锅免备 02-2267-3392捞锰悼痢  02-  792-3392 钦沥痢  02-3144-2052 距荐痢  02-2252-2052#力林伙促捣 #伙般混 #没沥蹬瘤 #阑瘤肺3啊开 #阑瘤肺雀侥 #伙促捣阑瘤肺 #措噶混 #力林坷般混 #力林坷般 #力林格混 ###格混 #伙促捣悸飘 #力林咐笼 #阑瘤肺咐笼 #疙前积哎厚 #阑瘤肺痢缴 #绊眠厘骂霸 #力腊沥侥 #拌鄂买 #绊殿绢辫摹买 #瞒倒等厘 #"
捞弗 痢缴乞剧趁搁 冈栏矾 倒酒促聪促啊11矫何磐 康诀茄促绰 娟扁俊 匡睦秦辑#阑瘤肺 #uljiro #阑瘤肺3啊开 #8锅免备 #悼版快悼 #酒浆款措肺 #脾辫快悼 #蜡何檬逛 #趁搁笼 #康诀 #11矫何磐 #捞弗痢缴
#力林伙促捣 #伙般混 #没沥蹬瘤 ##伙般混 #没沥蹬瘤 #阑瘤肺3啊开 #阑瘤肺雀侥 #伙促捣阑瘤肺 #措噶混 #力林坷般混 #力林坷般 #力林格混 #格混 #伙促捣悸飘 #力林咐笼 #阑瘤肺咐笼 #疙前积哎厚 #阑瘤肺痢缴 #绊眠厘骂霸 #力腊沥侥 #拌鄂买 #绊殿绢辫摹买 #瞒倒等厘 #措噶混 #坷盒磊扁兑硅扁 #秦拱兑硅扁
#付扼配呈捞豪林 #jejupork #阑瘤肺痢缴 #绊眠厘骂霸 #捞豪林 #捞锰悼痢 #伙促捣 #伙促捣啊 #力林伙促捣 #伙般混 #捞锰悼痢 #伙促捣 #措噶混 #阑瘤肺伙促捣 #阑瘤肺2啊 #阑瘤肺3啊开 #阑瘤肺3啊开脚茄积疙 #疙前积哎厚 #没沥蹬瘤
#construction 档 捞沥档搁 #modernart #吝备 狼 #feeling #蠢肠利牢蠢肠 #汲摹抗贱 #阑瘤肺3啊开
#力林伙促捣 #伙般混 #没沥蹬瘤 #阑瘤肺3啊开 #阑瘤肺雀侥 #伙促捣阑瘤肺 #措噶混 #力林坷般混 #力林坷般 #力林格混 #格混 #伙促捣悸飘 #力林咐笼 #阑瘤肺咐笼 #疙前积哎厚 #阑瘤肺痢缴 #绊眠厘骂霸 #力腊沥侥 #拌鄂买 #绊殿绢辫摹买
#冈规 #冈胶鸥弊伐 #咐胶鸥弊伐 #冈何覆 #仟靛颇捞磐 #痢缴#痢缴皋春#阑瘤肺#阑瘤肺3啊开#趁搁#乞剧趁搁#乞趁#拱趁#埃酶#阑瘤搁苛#荐腊#家绊扁荐腊#迫肺快#嘎迫矫埃瞒肺 棵府绰 阑瘤搁苛?? 痢缴锭 冈篮霸 肚 冈绊 酵澜? 牢模丛甸 咐历 窍技夸~~~
#冈规 #冈胶鸥弊伐 #咐胶鸥弊伐 #冈何覆 #仟靛颇捞磐 #痢缴#痢缴皋春#阑瘤肺#阑瘤肺3啊开#趁搁#乞剧趁搁#乞趁#拱趁#埃酶#阑瘤搁苛#荐腊#家绊扁荐腊#迫肺快#嘎迫靛叼绢 趁搁 殿厘?? 历 讣绊 捧疙茄 惫拱?? 开矫 瘤陛鳖瘤 冈菌带 乞趁吝俊 弥绊? 功窍霸 吝刀登绰 咐. 荤府鳖瘤 眠啊秦辑 冈绊 惫拱 促 厚快绊 10盒父俊 唱咳せ趁搁 10000盔 荤府眠啊 7000盔. 荤府眠啊 且芭搁 3000盔 歹郴绊 茄弊俯 货肺 矫虐绰 唱阑 淀? 牢模丛甸 咐痢 窍技夸~ 弊唱历唱 技款胶涅绢 柯扒单 尘鳖瘤 绒啊扼绰?
"阑瘤肺 伙促捣 痢缴力林1殿鞭 没沥力林蹬瘤1殿鞭 坷般混,格混,措噶混,疙前积哎厚.阑瘤肺3啊开 1锅免备 02-2267-3392捞锰悼痢  02-  792-3392 钦沥痢  02-3144-2052 距荐痢  02-2252-2052#力林伙促捣 #伙般混 #没沥蹬瘤 #阑瘤肺3啊开 #阑瘤肺雀侥 #伙促捣阑瘤肺 #措噶混 #力林坷般混 #力林坷般 #力林格混 #格混 #伙促捣悸飘 #力林咐笼 #阑瘤肺咐笼 #疙前积哎厚 #阑瘤肺痢缴"
"阑瘤肺 伙促捣 痢缴力林1殿鞭 没沥力林蹬瘤1殿鞭 坷般混,格混,措噶混,疙前积哎厚.阑瘤肺3啊开 1锅免备 02-2267-3392捞锰悼痢  02-  792-3392 钦沥痢  02-3144-2052 距荐痢  02-2252-2052#力林伙促捣 #伙般混 #没沥蹬瘤 #阑瘤肺3啊开 #阑瘤肺雀侥 #伙促捣阑瘤肺 #措噶混 #力林坷般混 #力林坷般 #力林格混 #格混 #伙促捣悸飘 #力林咐笼 #阑瘤肺咐笼 #疙前积哎厚 #绊殿绢买 #绊殿绢炼覆 #宫篮瘤辫摹炼覆"
#冈规 #冈胶鸥弊伐 #咐胶鸥弊伐 #冈何覆 #仟靛颇捞磐 #痢缴#痢缴皋春#阑瘤肺#阑瘤肺3啊开#趁搁#乞剧趁搁#乞趁#拱趁#埃酶#阑瘤搁苛#荐腊#家绊扁荐腊#迫肺快#嘎迫沥富 沥富 坷绊 酵菌带 阑瘤搁苛?? 靛叼绢 客 航. 倾抚茄 榜格阑 甸绢啊 磊府甫 棱绊 趁搁父 冈扁 酒浆况 荐腊 馆立矫甫 矫难 航. 咐乐促 咐乐促??? 13000盔
"阑瘤肺 伙促捣 痢缴力林1殿鞭 没沥力林蹬瘤1殿鞭 坷般混,格混,措噶混,疙前积哎厚.阑瘤肺3啊开 1锅免备 02-2267-3392捞锰悼痢  02-  792-3392 钦沥痢  02-3144-2052 距荐痢  02-2252-2052#力林伙促捣 #伙般混 #没沥蹬瘤 #阑瘤肺3啊开 #阑瘤肺痢缴 #趁搁 #阑瘤肺趁搁 #伙促捣 #趁搁痢缴 #阑瘤肺咐笼"
#父乏目乔 #阑瘤肺3啊开 #抛捞农酒眶 #目乔傈巩痢 #技拌弥檬 #扼烙厚聪芭 #官唱唱厚聪芭 #籍幅厚聪芭
#促根 #促根采伙般混 #阑瘤肺3啊开 #面公肺开 #粮咐 #琴粮咐 #墨其鞍篮绊扁笼 #盒困扁亮篮绊标笼 #俊绢牧户户 #绊扁蝴彬 #侥皑甭 #伙般混 #蝴彬焊家 #绊扁
#阑瘤肺3啊开 #面公肺开咐笼 #疙悼辟贸 #促根 #促根采伙般混 #粮咐 #琴粮咐 #檬国备捞 #盒困扁亮篮绊标笼 #墨其鞍促 #模例茄流盔盒甸 #炉咐 #滴锅赣跋技锅赣跋拌加赣跋 #伙般混 #滴霹茄伙般混 #绊扁 #腊侥 #蝴彬
菊栏肺 阑瘤肺 3啊开篮 堡厘矫厘父 啊绰吧肺??..#阑瘤肺3啊开 #荐夸固侥雀 #绊眠傈 #榜桂捞公魔 #舅帕 #厚坷绰阂陛 #阂陛 #160729 #老惑 #模备甸 #贱胶鸥弊伐 #冈胶鸥弊伐 #筋钙 #咐胶鸥弊伐 #冈规 #阜吧府 #辆肺
#阑瘤肺3啊开 #檬拌帕捞蜡疙茄 #乞贰苛 #荤恩捞腹酒辑 #角菩
冈怕备捞 #父急龋橇 #阑瘤肺3啊开
1牢1畴啊府 #父急龋橇 #阑瘤肺3啊开
辑厚胶 拌鄂富捞 #康遏榜桂捞 #阑瘤肺3啊开
三肚促 三肚俊绢牧 莆莆 嘎栏哥 钙目 ??撤贱目 ???#脐鸥捞绢 ?#FatTire ?-#龋炮荐急拳#cafe #墨其 #pub #beer #钙林#阑瘤肺墨其 #阑瘤肺3啊开-#seoul #korea #厚绢 #贱 #骇扁俊钙林 #目乔 #daily #yummy #tasty #delicious #foodie #foodporn #foodgasm #instafood #eat #eating #俊老 #贱胶鸥弊伐 #coffee #ale
#阑瘤肺3啊开--公攫啊甫 儡多. 狡绊.啊绰.#坷配官捞. 酒历揪.--#spacedesign #visualdesign#illustagram #pencilart #dailydrawing#justdraw #dailysketch #dailydoodle #artstagram #artlover #watercolor#architecturelover #archdaily#扒绵胶鸥弊伐 #傍埃胶鸥弊伐#老惑 #单老府 #家烹 #矫厘炼荤 #陛夸老#概老概老 #弊覆 #弊府扁 #辆版拳酶
榴芭款 雀侥苞 惑蔫茄 郴老阑 困秦 #雀侥鞘荐前 #钮盔 #惑蔫茄 #迈绢林技夸#阑瘤肺3啊开 #力林伙促捣
"#辆肺鸥况,#辆阿开,#厚柯第狼 辆肺 弊 辨阑 捞慧 郴 模备客 芭匆促,#酒抚促款 快府措茄刮惫,#唱狼老惑,#阑瘤肺3啊开 2锅免备率 矫弊聪贸鸥况悼包,#菩澄劝悼促赤坷搁辑 扁充栏风促啊 蔓默?2016-07-29 (陛夸老 辆肺狼 浅版)"
"阑瘤肺 伙促捣 痢缴力林1殿鞭 没沥力林蹬瘤1殿鞭 坷般混,格混,措噶混,疙前积哎厚.阑瘤肺3啊开 1锅免备 02-2267-3392捞锰悼痢  02-  792-3392 钦沥痢  02-3144-2052 距荐痢  02-2252-2052#力林伙促捣 #伙般混 #没沥蹬瘤 #阑瘤肺3啊开 #阑瘤肺雀侥 #伙促捣阑瘤肺 #措噶混 #力林坷般混 #力林坷般 #力林格混 #格混 #伙促捣悸飘 #力林咐笼 #阑瘤肺咐笼 #疙前积哎厚"
"阑瘤肺 伙促捣 痢缴力林1殿鞭 没沥力林蹬瘤1殿鞭 坷般混,格混,措噶混,疙前积哎厚.阑瘤肺3啊开 1锅免备 02-2267-3392捞锰悼痢  02-  792-3392 钦沥痢  02-3144-2052 距荐痢  02-2252-2052#力林伙促捣 #伙般混 #没沥蹬瘤 #阑瘤肺3啊开 #阑瘤肺雀侥 #伙促捣阑瘤肺 #措噶混 #力林坷般混 #力林坷般 #力林格混 #格混 #格混胶抛捞农"
"阑瘤肺 伙促捣 痢缴力林1殿鞭 没沥力林蹬瘤1殿鞭 坷般混,格混,措噶混,疙前积哎厚.阑瘤肺3啊开 1锅免备 02-2267-3392捞锰悼痢  02-  792-3392 钦沥痢  02-3144-2052 距荐痢  02-2252-2052#力林伙促捣 #伙般混 #没沥蹬瘤 #阑瘤肺3啊开 #阑瘤肺雀侥 #伙促捣阑瘤肺 #措噶混 #力林坷般混 #力林坷般"
免辟辨..#辑匡 #阑瘤肺 #阑瘤肺3啊开 #免辟辨 #morning #牢畔 捞撇巢酒蝶!!!!!
剧档 决没 仟咙窍绊 咐乐促せせ 呈公 腹酒辑 巢败滚啡绰淡.. 苞楷 促冈绊啊绰 颊丛捞 乐阑鳖? 硅阂#阑瘤肺3啊开 #啊具己 #吝惫笼咐笼 @wolfjjong
#力林伙促捣 #伙般混 #距荐痢 #措噶混 #力林伙促捣 #阑瘤肺3啊开 #力林伙般混 #阑瘤肺伙促捣 #距荐开咐笼
#力林伙促捣 #伙般混 #没沥蹬瘤 #阑瘤肺3啊开 #阑瘤肺3啊开脚茄积疙 #pork #jejupork #措噶混 #阑瘤肺伙促捣
#力林伙促捣 #阑瘤肺3啊开 #阑瘤肺3啊开脚茄积疙 #伙促捣 #措噶混 #阑瘤肺伙促捣 #阑瘤肺2啊 #伙般混 #没沥蹬瘤 #捞锰悼 #力林 #绊扁 #格混 #蹬瘤积哎厚 #戈摹咀粒 #捞锰悼咐笼 #捞锰悼痢
"阑瘤肺 伙促捣 痢缴力林1殿鞭 没沥力林蹬瘤1殿鞭 坷般混,格混,措噶混,疙前积哎厚.阑瘤肺3啊开 1锅免备 02-2267-3392捞锰悼痢  02-  792-3392 钦沥痢  02-3144-2052 距荐痢  02-2252-2052#力林伙促捣 #阑瘤肺3啊开 #阑瘤肺3啊开脚茄积疙 #伙促捣 #伙促捣啊 #伙般混 #没沥蹬瘤 #捞锰悼 #力林 #绊扁 #格混 #蹬瘤积哎厚 #戈摹咀粒 #捞锰悼咐笼 #阑瘤肺伙促捣 #阑瘤肺2啊 #阑瘤肺3啊开 #阑瘤肺咐笼#疙前积哎厚 #阑瘤肺痢缴"
#霉临#练惯#咐笼#面公肺练惯#阜惫荐柳缴 练惯咐笼!! 练惯亮酒茄促搁 角菩绝绰 练惯笼#面公肺开#阑瘤肺3啊开 辟贸俊乐绊 #疙悼 档 啊鳖框 怖 菊促府冈阑巴!
切盔糠俊 #旦伎宏令 #阑瘤肺3啊开#颇萍涅胶飘 #曼寇胶公叼
"辫扁傣 皑刀 康拳 <乔俊鸥>狼 硅版 '阑瘤肺 4啊'. 康拳俊辑贸烦 澜魂窍扁父 且 巴 鞍篮 捞 镑篮 角力 扁拌 家府啊 谗捞瘤 臼绰, 积悼皑 逞摹绰 傍厘栏肺 啊垫沁嚼聪促. 措茄刮惫 版力啊 览绵蹬 乐绰 捞 镑狼 见篮 捞具扁甫 厚令诀捞 甸妨靛赋聪促.寸脚狼 弼阑 UP窍绰 规过, @bzup.kr #阑瘤肺#阑瘤肺涝备#魂诀#漂拳#芭府#啊备#傍备#鸥老档扁#固教#炼疙#炼阿#阑瘤肺3啊开#阑瘤肺4啊开#芒诀#磊康诀#结努劝悼 @circleactivity"
"阑瘤搁苛. 趁搁. 10,000盔. #阑瘤肺3啊 #阑瘤肺3啊开 #阑瘤肺3啊开5锅免备 #阑瘤肺咐笼 #趁搁 #乞剧趁搁 #痢缴侥荤 #去逛 #贾敲"
痢缴冈绊 饶侥~~咐勒促ばば内乔内乔?#阑瘤肺3啊开 #痢缴冈绊 #饶侥栏肺 #雀荤辟贸 #目乔俭 #目乔咐笼 #父乏目乔 #10000乏 #酒捞胶酒皋府墨畴 #檬内扼都 #盔滴辆幅 #咯矾啊瘤 #目乔 #何靛反促 #被被 #肋冈摆嚼聪促 #? #矫盔矫盔 #?
#没拌玫 #国结茄崔傈 #亮篮扁撅 #悼措巩开荤巩拳傍盔开 俊辑 #阑瘤肺3啊开 鳖瘤
#阑瘤搁苛? #さささ #乞剧趁搁? #阑瘤肺3啊开 #厚忽趁搁? #巢磊笛捞
阑伙咐笼 せせせせせせ傈 流厘捞 阑瘤肺3啊咯辑 磊林矮带 曼健健阂空积绊扁笼捞笼篮 辫摹骂霸狼 晨货啊 场郴林绰 笼#阑瘤肺3啊开咐笼 #阑瘤肺3啊开 #曼健健阂空积绊扁 #冈规 #冈胶鸥弊伐 #咐笼 #辫摹骂俺 #老惑 #家烹 #单老府
阑伙咐笼 せせせせせせ傈 流厘捞 阑瘤肺3啊咯辑 磊林矮带 曼健健阂空积绊扁笼 哎厚混!!!!绊家窍聪 咐捞 磷咯淋!!!! #阑瘤肺3啊开咐笼 #阑瘤肺3啊开 #曼健健阂空积绊扁 #冈规 #冈胶鸥弊伐 #咐笼 #哎厚混 #老惑 #家烹 #单老府
吝刀己乐绰 姬弊府酒
"匙, 绢纳 捞巴阑 家林 绝捞 冈摆嚼聪鳖?!?!#阑瘤搁苛#阑瘤搁苛趁搁#趁搁#乞剧趁搁#祈腊#阑瘤搁苛乞剧趁搁#阑瘤搁苛祈腊#逞唱咐唱绰巴#咐乐促#咯扁啊玫惫#玫惫#乞趁#乞趁#阑瘤肺咐笼#阑瘤肺3啊开#阑瘤肺3啊咐笼#咐笼#冈规#侥脚#流厘牢痢缴#家林#鞘荐#冈胶鸥弊伐#澜胶鸥弊伐#咐胶鸥弊伐#贱胶鸥弊伐#老惑#家烹#嘎迫#嘎迫券康#痢缴"
"匙, 绢纳 捞巴阑 家林 绝捞 冈摆嚼聪鳖?!?!#阑瘤搁苛#阑瘤搁苛趁搁#趁搁#乞剧趁搁#祈腊#阑瘤搁苛乞剧趁搁#阑瘤搁苛祈腊#逞唱咐唱绰巴#咐乐促#咯扁啊玫惫#玫惫#乞趁#乞趁#阑瘤肺咐笼#阑瘤肺3啊开#阑瘤肺3啊咐笼#咐笼#冈规#侥脚#流厘牢痢缴#家林#鞘荐#冈胶鸥弊伐#澜胶鸥弊伐#咐胶鸥弊伐#贱胶鸥弊伐#老惑#家烹#嘎迫#嘎迫券康#痢缴"
"没林啊绰辨..坷疵篮 9矫炼雀, 11矫 侥荤,13矫 捞悼,16矫荐诀,18矫 刘鼻傈崔,19矫 历翅距加 棺 惑淬.钱胶纳临捞寸 ば#没林 #矫寇滚胶 #阑瘤肺3啊开 #瘤窍枚 #瘤窍枚俊辑 #胶纳临 #焊氰 #焊氰汲拌荤 #焊氰惑淬 #惑淬 #荐诀 #苞寇 #苞寇杰 #荐切苞寇 #荐切 #咯抚疯 #唱矫 #胶飘扼捞橇萍 #绿萍 #臂贰赣 #臂贰赣矾胶 #菩记 #菩记胶鸥弊伐 #悼救 #悼救乔何 #41混 #焊氰酒淋付"
#力林伙促捣 #伙般混 #捞锰悼痢 #措噶混 #阑瘤肺伙促捣 #阑瘤肺2啊 #阑瘤肺3啊开 #阑瘤肺咐笼
#力林伙促捣 #伙般混 #捞锰悼痢 #措噶混 #阑瘤肺伙促捣 #阑瘤肺2啊 #阑瘤肺3啊开
#辑匡 #阑瘤肺3啊 #阑瘤肺3啊开 #技款惑啊 #阑瘤蜡恩 #阑瘤 #抗贱 #傍埃 #急瘤付阑翠荤 #老夸老 #绒公 促澜浚 #坷锹 沁阑 锭 促矫 肚!----------------------------------------------------#老惑 #单老府 #daily #单捞飘
咯扁绰 茄距规 #目乔茄距规吝惫狼 缔榜格牢瘤 泪矫 球哎赴促#阑瘤肺3啊开
#力林伙促捣 #伙般混 #捞锰悼痢 #阑瘤肺伙促捣 #阑瘤肺2啊 #阑瘤肺3啊开 #阑瘤肺3啊开脚茄积疙 #7岿7老 #辫摹骂霸咐笼 #措噶混
菊搁 缔搁.. 鞍篮器令 #痢橇荤困 #敲肺绢竣胶盔厘 #阑瘤肺3啊开 #脚吝悼开 #疙焊酒飘圈 #春岿靛橇扼磊 #3摸 #惩滚钢欺器刚胶 #酒农肺官平切盔
#力林伙促捣#力林没沥蹬瘤#拌鄂买傍楼#阑瘤肺咐笼 #阑瘤肺3啊开#坷般混#格混#措噶混#疙前积哎厚混
#枚电仇 #阑瘤肺3啊开 #伙般混部摹 #圾矾靛颇胶鸥
没拌玫#广 #没拌玫 #厘付傈 #盒困扁 #亮酒 #魂氓 #舅官阁 #舅官场唱绊 #阑瘤肺3啊开 #啊绰辨
困飘乐绰 弊赴扼捞飘粮犁固乐促#阑瘤肺3啊开
#阑瘤肺3啊开 #herentogo #炉咐#家侥角菩 沤矩沤胶 糠#6000盔
"#阑瘤肺3啊开#2龋急趣篮3龋急#目乔茄距规#敲扼沛酒墨单固#刀辑配沸#付澜狼固贰#固摹坷墨捻#墨其#厚坷绰荐夸老#酒捞胶酒皋府墨畴 厚鳖瘤 郴府扁 矫累秦辑 哎鳖富鳖 贾流洒 噶汲看绰单 曼 亮篮 碍楷, 矫埃捞菌促 :) 酒雷~ 亮酒扼"
#kyynthegarten#龋炮荐急拳 #阑瘤肺3啊开 #墨其 #目乔 #傍埃 #家前 #炼疙 #牢抛府绢 #cafe #coffee #space #props #light #interior #design
.#龋炮荐急拳 #阑瘤肺3啊开 #墨其 #目乔 #傍埃 #家前 #牢抛府绢 #cafe #coffee #space #props #interior #design #kyynthegarten
"<苛虐 6岿 扁裙傈矫 : 绊剧捞>郴 扁撅 加 绊剧捞瘤陛 绢叼俊 乐阑鳖夸?窃膊 眠撅秦焊绊荤柳栏肺 唱床壕聪促. .曼咯累啊胞价泅 / 鼻康林 / 辫康锐 / 辑窍康 / 价铰绕 / 柯悼绕 / 捞悼龋 / 捞刮柳 / 沥档康 / 林茄捞 / 没浅 / 倾柳扁 埃 : 2016斥 6岿 12老(老) ~ 6岿 25老(配)厘 家 : 苛虐 OKi - Coffee & Photography -包恩矫埃 : 乞老 坷傈10矫 ~ 坷饶 9矫 / 配,老,傍绒老 坷傈11矫~坷饶8矫傈矫巩狼 : 070-4233-2012 / okiobba@gmail.com饶 盔 : 荤柳墨其 ‘苛虐’ / INDIVISUAL * INDIVISUAL篮 抗贱啊狼 刀赋利牢 芒累阑 览盔窍绰 橇肺弊伐涝聪促. * 扁裙傈矫绰 概崔 茄啊瘤 林力肺 1牢1累前栏肺 柳青窍绰 窜眉傈矫涝聪促.#面公肺墨其 #苛虐 #6岿傈矫 #荤柳傈 #扁裙傈 #绊剧捞 #坷虐 #窜眉傈 #面公肺开 #阑瘤肺3啊开 #疙悼开 #indivisual #荤柳墨其"
#阑瘤肺3啊开 #酒酒#酒捞胶酒皋捞墨畴 啊#1500盔 捞扼绰霸 富捞 登唱胯? 咐档 #good#华促规 焊促 历妨固 ?
"<苛虐 6岿 扁裙傈矫 : 绊剧捞>郴 扁撅 加 绊剧捞瘤陛 绢叼俊 乐阑鳖夸?窃膊 眠撅秦焊绊荤柳栏肺 唱床壕聪促. .曼咯累啊胞价泅 / 鼻康林 / 辫康锐 / 辑窍康 / 价铰绕 / 柯悼绕 / 捞悼龋 / 捞刮柳 / 沥档康 / 林茄捞 / 没浅 / 倾柳扁 埃 : 2016斥 6岿 12老(老) ~ 6岿 25老(配)厘 家 : 苛虐 OKi - Coffee & Photography -包恩矫埃 : 乞老 坷傈10矫 ~ 坷饶 9矫 / 配,老,傍绒老 坷傈11矫~坷饶8矫傈矫巩狼 : 070-4233-2012 / okiobba@gmail.com饶 盔 : 荤柳墨其 ‘苛虐’ / INDIVISUAL * INDIVISUAL篮 抗贱啊狼 刀赋利牢 芒累阑 览盔窍绰 橇肺弊伐涝聪促. * 扁裙傈矫绰 概崔 茄啊瘤 林力肺 1牢1累前栏肺 柳青窍绰 窜眉傈矫涝聪促.#面公肺墨其 #苛虐 #6岿傈矫 #荤柳傈 #扁裙傈 #绊剧捞 #坷虐 #窜眉傈 #面公肺开 #阑瘤肺3啊开 #疙悼开 #indivisual #荤柳墨其"
"<苛虐 6岿 扁裙傈矫 : 绊剧捞>郴 扁撅 加 绊剧捞瘤陛 绢叼俊 乐阑鳖夸?窃膊 眠撅秦焊绊荤柳栏肺 唱床壕聪促. .曼咯累啊胞价泅 / 鼻康林 / 辫康锐 / 辑窍康 / 价铰绕 / 柯悼绕 / 捞悼龋 / 捞刮柳 / 沥档康 / 林茄捞 / 没浅 / 倾柳扁 埃 : 2016斥 6岿 12老(老) ~ 6岿 25老(配)厘 家 : 苛虐 OKi - Coffee & Photography -包恩矫埃 : 乞老 坷傈10矫 ~ 坷饶 9矫 / 配,老,傍绒老 坷傈11矫~坷饶8矫傈矫巩狼 : 070-4233-2012 / okiobba@gmail.com饶 盔 : 荤柳墨其 ‘苛虐’ / INDIVISUAL * INDIVISUAL篮 抗贱啊狼 刀赋利牢 芒累阑 览盔窍绰 橇肺弊伐涝聪促. * 扁裙傈矫绰 概崔 茄啊瘤 林力肺 1牢1累前栏肺 柳青窍绰 窜眉傈矫涝聪促.#面公肺墨其 #苛虐 #6岿傈矫 #荤柳傈 #扁裙傈 #绊剧捞 #坷虐 #窜眉傈 #面公肺开 #阑瘤肺3啊开 #疙悼开 #indivisual #荤柳墨其"
#目乔茄距规 ??酒流 付澜篮 老夸老牢单..-#阑瘤肺 #阑瘤肺墨其 #阑瘤肺3啊 #阑瘤肺目乔茄距规 #阑瘤肺3啊开 #目乔 #墨其胶鸥弊伐 #墨其 #目乔胶鸥弊伐
#阑瘤搁苛#咐胶鸥弊伐#阑瘤肺3啊开
#阑瘤坷淡 #档风宫备捞 #阑瘤肺3啊开 #11锅免备 #咐笼 #硼辟 #家林 #救林坷罚父俊 评盔甸苞 窃膊..
#捞弗痢缴 #阑瘤肺3啊开 #畴器 #阑瘤搁苛 #乞剧趁搁 #龋肺废 11矫30盒 档馒 10盒父俊 冈绊 唱坷聪.. 捞固 措扁临捞 ぞぇぇ #冈胶鸥弊伐 #咐胶鸥弊伐 #咐笼
绢力 #阑瘤肺3啊开 俊辑 #全措涝备开 鳖瘤#全措涝备 何磐 #沥悼荤芭府 鳖瘤 #蜡魂家款悼 且 矫埃 绝绢辑 #瘤窍枚 救鸥绊 #蝶釜捞 爬瘤莱! #坷福阜辨 疤唱 腹备夸ばば 哎厚焕 酒欺辑.款悼篮 给窍绊 #农肺胶峭俊捞捧瘤 殿废父 沁瘤yo 拜茄款悼 且巴 积阿窍聪瘪 #扁措馆 #捌沥馆 #汲方馆 坷疵篮 竣胶饭捞 嘛绊 茄狼盔 啊具摆匙 ????#甭葛醋 B焙 #积老绵窍秦 ??
茄惫狼 苛配滚其胶飘扼绊 甸篮 父急龋橇救林绰 历放窍聪 甭甭?夸硫鞍篮 朝揪俊 迭捞寸促澜锅浚 咆荤胶肺..??#阑瘤肺贱笼#阑瘤肺3啊开#阑瘤肺咐笼#父急龋橇#何眠滴何#捣鳖胶#辫摹傈#钙林茄儡?#器瞒榜格#贱胶鸥弊伐#冈胶鸥弊伐
#冈胶鸥弊伐 #阑瘤肺3啊开 #阑瘤搁苛 #祈腊咯扁绰 祈腊捞扼 结乐匙~^^贸澜贸烦篮 待!
#冈胶鸥弊伐 #阑瘤肺3啊开 #阑瘤搁苛 #乞剧趁搁坷快~ 矫盔窍绊 甭!!!
Day2。躞邸驮彳鏖尥gogogo?????????#洳羸兆肆鲠输愫#瘥遐椹艘惴?锥 #阑瘤肺3啊开 #victaminC #oranC #applepineapple #荏邹雪猢 #seoultrip #seoul #Korea #koreatrip #20160605
#10斥瘤扁 #促沥促皑林 #没拌玫 #阑瘤搁苛 #阑瘤肺3啊开 #固府69 睛胶矾况档 档罚父俊 如利阑 巢辫 ぞぞ漂喊洒 磊林 楷遏救秦档 绢力 夯 扒 鞍篮 扁盒捞饿鳖 ぞ
捞芭 付矫搁 父肪登唱?#阑瘤肺 #阑瘤肺3啊 #阑瘤肺3啊开 #父乏目乔 #父肪目乔 #酒捞胶酒皋府墨畴
技惑 穿备焊促档 郴啊 家吝窍促绰 巴阑 唱绰 乐绰 弊措肺狼 唱扼绰 巴阑唱甫 困秦 混酒啊具窃阑镭瘤富磊绊 付澜 加 促咙....#老惑#daily#2龋急#阑瘤肺3啊开#矫埃狼辨格#唱甫困茄#矫#forme#臂胶鸥弊伐#矫胶鸥弊伐
#阑瘤肺3啊开#目乔茄距规#榜格榜格榜格#辨茫扁胶鸥弊伐#抗悔促抗坏#且赣聪匙笼#汗绊汗绊#lp饭内靛魄?
"蝶胶茄 酒魔寝混捞 傈搁 蜡府芒俊 灌霸 厚苗 歹宽歹 蝶胶茄 阑瘤肺3啊开痢 涝聪促. 酒抚促款 固家甫 目乔俊 淬酒 靛府摆嚼聪促.#胶鸥棍胶阑瘤肺3啊开痢 #胶鸥棍胶阑瘤肺3啊开#帏鏖泻 (x?ngb?ke) #公?蝎毛 #公揩#目乔  #KOREA #Coffee#STARBUCKSKOREA #STARBUCKSCOFFEE#STARBUCKSCOFFEEKOREA #胶鸥棍胶目乔内府酒 #胶鸥棍胶目乔 #喊促规#脚茄郡鸥况 ..#阑瘤肺3啊开1. 3,000盔 捞惑 扁何 绊按俊霸 肺绊赣弊 (Tall荤捞令) 刘沥 , 350俺 茄沥2. 仟靛器窃 15,000盔 捞惑 备概 绊按俊霸 肺绊赣弊 (Tall荤捞令) 刘沥急馒鉴 300俺 刘沥 (夸芭飘, 捍澜丰 力寇)- 葛陛窃 扁何陛篮 ""吝备蜡遏辆钦荤雀汗瘤包""俊 扁何 钦聪促.- 焊促 腹篮 绊按狼 扁何青荤 曼咯甫 困秦 1牢 扁霖 2俺 刘沥秦 靛赋聪促.- 青荤绰 炼扁俊 付皑 瞪 荐 乐嚼聪促."
"阑瘤肺 伙促捣 痢缴力林1殿鞭 没沥力林蹬瘤1殿鞭 坷般混,格混,措噶混,疙前积哎厚.阑瘤肺3啊开 1锅免备 02-2267-3392捞锰悼痢  02-  792-3392 钦沥痢  02-3144-2052 距荐痢  02-2252-2052#伙般混 #伙促捣 #阑瘤肺伙促捣#阑瘤肺2啊#积哎厚 #力林档咐笼 #蹬瘤 #伙般混 #没沥蹬瘤 #阑瘤肺3啊开 #阑瘤肺雀侥 #伙促捣阑瘤肺 #伙促捣辫摹骂霸 #伙促捣咐笼 #伙促捣措噶混 #措噶混 #力林坷般混 #力林坷般"
#龋炮荐急拳 #胶炮扼 #酒捞胶酒皋府墨畴 #阑瘤肺3啊开
技惑 俩 惑怒茄 窍捞杭 逻逻 甸绢啊匙 彬彬巩凯绊 甸绢坷聪 空 馆啊款 荤恩档 乐绊妇俊 馒 嘿绰 傍埃去逛. 去贱狼 己瘤啊 瞪淀亮促咯扁#老惑#堡厘#夸府空厚堡#脚厘俺诀#窍捞杭#撤贱#钙林#摹挪巢规#阑瘤肺3啊开 #去逛#去贱
#阑瘤肺3啊开#酒魔何磐逮促歹况 #酒捞胶酒皋墨畴#lastdayinkorea????? 坷疵篮 咯扁辑 吝夸茄 荤恩阑 父唱绊 吝夸茄 杭老阑 毫具茄促! 矫盔茄 酒捞胶酒皋府墨畴客 窃膊 乩唐??弧府场郴绊 炼墨 焊矾 笼栏肺 崔妨具隆 せせ茄惫俊辑 积劝窍绰巴档 唱悔柳 臼摆促? 扼绰 夸硫 靛绰 积阿?
卢律抚茄 单府具尝 家胶俊 滚公妨柳 催绊扁客 促剧茄 馆蛮 弊府绊 酒贰俊 彬赴 逛??#老惑 #历翅 #冈胶鸥弊伐 #窍内具 #阑瘤肺3啊 #阑瘤肺3啊开 #催绊扁 #单府具尝家胶 #亥肚 #单府具尝摹挪
#魂魄鉴措 #阑瘤肺3啊开 #鉴措惫 #陛魂牢伙脾辫 #力枚唱拱脾辫
捣鳖胶 墨饭 丹逛. 墨饭绰 酒付 坷堆扁 墨饭啊风甫 吧逻窍霸 产咯辑 剧颇盲 粱 集绊 捣鳖胶 困俊 尝抉篮淀. 吧磷茄 墨饭 亮酒秦辑 妇俊 甸菌促! #墨饭 #捣鳖胶墨饭丹逛 #捣鳖胶墨饭 #墨饭捣鳖胶 #墨饭捣鳖胶丹逛 #窍内 #阑瘤肺3啊开 #老惑 #冈胶鸥伐 #咐胶鸥弊伐
#券磊狼鼻府客狼公 #sky_brilliant #胶墨捞宏副府攫飘 #辑匡 #seoul #辑匡归捍盔 #牢力措切背 辑匡归捍盔 #阑瘤肺3啊开 #疙悼己寸 辟贸 #康遏背雀 嘎篮祈
2016.05.17#酒葛饭欺矫侨 #矫弊聪贸鸥况#没拌玫肺100 #辑厚胶 #背腊 #忌#辆阿开 #阑瘤肺3啊开 #没拌玫 #权胶抛靛目乔 #葛醋目乔?? 咐乐绰#痢缴 促矫#荐盔 绊绊
2016.5.16 [傍权傍瘤](@hanshhhhh)磊技茄 郴侩篮 梅何颇老 犬牢 何殴靛赋聪促! ⒔攫力唱 绢叼辑唱 亲惑 茄铰锐客 力老 窃膊⒔#茄铰锐 #锐胶配府 #茄铰锐傍侥埔努反 #单哼6林斥 #脚没邦捞含 #切积且牢 #5岿22老 #老夸老 #坷饶5矫 #疙悼付府酒圈 #单哼6林斥捞含 #3龋急 #阑瘤肺3啊开 #12锅免备 #档焊5盒
#1883 #1883墨其#1883syrup #cafe1883#阑瘤肺3啊开#阑瘤肺3啊墨其#疙焊酒飘圈#面公肺#疙焊必厘#目乔#目乔胶鸥弊伐 #酒皋府墨畴#橇府硫圈歹#俊捞靛#积苞老林胶#哆酒#公瘤俺#官府胶鸥弊伐 #葫荐 #客敲 #击靛困摹 #赣巧 #海捞臂 #费纳劳
Prism holder 馆娄馆娄?#墨其1883 #1883 #1883墨其 #1883矫反 #1883syrup #疙焊酒飘圈 #cafe1883 #阑瘤肺3啊 #阑瘤肺3啊墨其 #阑瘤肺3啊开 #阑瘤肺3啊咐笼 #目乔胶鸥弊伐 #目乔俭 #磊根俊捞靛 #酒皋府墨畴 #官府胶鸥弊伐 #ade #橇府硫圈歹 #葫荐 #客敲 #叼历飘 #击靛困摹
"坷疵狼 茄 儡篮 催部摹客 积钙林涝聪促.墨其俊辑 奴 氓惑辑 氓 佬绰单 嘎篮祈俊 攫聪 笛捞 旧疽绰单,辑肺 捞具扁俊 府咀记捞 苞秦辑 氓俊 粱 笼吝捞 救蹬炼扁枚荐窍绊 阑瘤肺肺 吭绢夸.酒...辟单, 坷疵 积钙林咐捞 酒林 龄捞匙夸~老窜 霉 儡篮 100盔捞扼 巴滴 扁盒 亮备堪.#江茄档矫巢磊 #阑瘤肺3啊开 #付何龋橇#阂催部摹"
辆肺俊 柯辫俊 硅绊颇辑 吧绢辑 模备啊霸 甸啡娇蹿.荐力滚芭 软涝.歹 咐乐绢脸澜~~#决瘤么 #付矫 #滚芭矩靛傅农 #采固巢 #孤瘤拿硅快 #荐力滚芭 #胶殴棍胶盔滴 #酒捞胶酒皋府墨畴 #面公肺咐笼 #阑瘤肺3啊开 #冈胶鸥弊伐 #模备啊霸全焊吝
#阑瘤肺3啊开 11锅免备 #乞贰苛 #乞剧趁搁 9玫盔
#2龋急叭扁 #阑瘤肺3啊开
"2016.5.10急硅丛, 亲惑 皑荤钦聪促!#kdis #kdischool #reunion #2016 #parttime #afterdinner #阑瘤肺3啊开 #辑匡 #withsenior #weekdays #流厘牢 #seoul #korea #daily #thankGod #thankGodalways"
"阑瘤肺 伙促捣 痢缴力林1殿鞭 没沥力林蹬瘤1殿鞭 坷般混,格混,措噶混,疙前积哎厚.阑瘤肺3啊开 1锅免备 02-2267-3392捞锰悼痢  02-  792-3392 钦沥痢  02-3144-2052 距荐痢  02-2252-2052#力林伙促捣 #阑瘤肺3啊开 #阑瘤肺3啊开脚茄积疙 #伙促捣 #伙促捣啊 #伙般混 #没沥蹬瘤 #捞锰悼 #力林 #绊扁 #格混 #蹬瘤积哎厚#戈摹咀粒 #捞锰悼咐笼"
"阑瘤肺 伙促捣 痢缴力林1殿鞭 没沥力林蹬瘤1殿鞭 坷般混,格混,措噶混,疙前积哎厚.阑瘤肺3啊开 1锅免备 02-2267-3392捞锰悼痢  02-  792-3392 钦沥痢  02-3144-2052 距荐痢  02-2252-2052#悼何捞锰悼咐笼 #积哎厚 #力林档咐笼 #蹬瘤 #伙般混 #没沥蹬瘤 #伙促捣#伙促捣啊 #力林伙促捣 #阑瘤肺涝备咐笼 #阑瘤肺3啊开 #阑瘤肺雀侥 #伙促捣阑瘤肺"
坷疵狼 痢缴.棵秦 霉 剐搁.#江茄档矫巢磊 #阑瘤肺3啊开 #啊柯剐搁
#父急龋橇 #父急器瞒 #冈怕 #畴啊府 #1000盔 #玫盔 #茄付府 #积钙林 #畴惑 #龋橇 #檬盔龋橇 #酒历揪 #啊钙 #阑瘤肺3啊 #阑瘤肺3啊开 #咐笼 #冈胶鸥弊伐 #咐胶鸥弊伐 #急迫 #嘎迫
#悼盔笼 #皑磊惫 #阑瘤肺3啊 #皑磊帕 #焕促蓖 #全绢 #赣府绊扁 #全绢伙钦 #荐夸固侥雀 #家林救林 #咐笼 #20斥傈烹 #贸澜贸烦 #阑瘤肺3啊开 #咐胶鸥弊伐 #冈胶鸥弊伐 #急迫 #嘎迫
咐绝绢 焊老 荐 乐瘤父 沥富 #咐乐绰 酒器墨配?...#20160504 #陛夸老鞍篮荐夸老 #炔陛楷绒 #傈朝 #? #墨其 #咐笼 #咐乐绰墨其 #目乔茄距规 #盒困扁 #酒器墨配 #粮咐#阑瘤肺2啊 #阑瘤肺 #阑瘤肺3啊开 #辟公吝 #急迫 #急迫窍搁嘎迫 #嘎迫 #牢模 #家烹 #单老府 #daily
#酒葛饭欺矫侨 #捞聪胶橇府 #弊赴橇肺酱赣 #阑瘤肺3啊开#瘤窍枚2龋急 #1锅免备 #矫弊聪媚鸥况 #6摸 #葛烙 #付澜俊靛绰剧 #坷疵档 #鳃傅鸥烙 #绊绊九3
(@hanshhhhh )[墨其傍瘤]2016.5.22老 配农能辑飘 萍南泼 坷锹- 老沥篮 梅何颇老 曼绊窍矫扁 官而聪促! #茄铰锐 #单哼6林斥 #绵窍捞亥飘 #5岿22老 #老夸老 #坷饶5矫 #疙悼付府酒圈  #配农能辑飘饶 #3龋急 #阑瘤肺3啊开 #12锅免备 #档焊5盒
阑瘤肺 3啊开 #阑瘤肺 #阑瘤肺3啊 #阑瘤肺3啊开
"'阑瘤肺3啊开'阑 困秦 氓烙瘤绊, 绊积窍脚 盒甸#阑瘤肺3啊 #阑瘤肺3啊开 #傍荤 #泅魄 #"
#阑瘤肺3啊开 #窍捞凭茄汗 #茄汗 #茄汗胶忱 #茄汗胶鸥弊伐 #茄汗措咯 #家烹 #老惑 #单老府 #单老府疯 #版汗泵 #唱甸捞 模备尔 嘛篮 荤柳篮 #郴老 棵副霸夸! 虐虐 #? 磊尔胶矾款 #措茄刮惫 #亮酒夸
#饭内靛#抛捞橇#analogue#阑瘤肺3啊开..#烤朝皑己 #酒唱肺弊皑己 #瘤窍惑啊..阑瘤肺3啊开俊 乐绰 瘤窍惑啊....酒流 烤巴捞 葛滴 绝绢瘤瘤 臼疽澜阑 #皑荤
#阑瘤肺3啊开  #颇牢局厚春 #芭牢悼惑 #具辟 伙角肺 汗蓖 吝
傍楷焊矾 辑匡艾促 吭绢夸????且酒滚瘤 力老 眶辫せせ呈公 岗乐绊 犁固乐菌绢夸#阑瘤肺3啊开 #疙焊酒飘圈 #痢橇 #痢橇傍楷 #jump#眠玫傍楷#斧惬螳#公公#?蚊#?碗嫜#攸圮#おお#??
"坷疵狼 茄 儡篮 部摹客 积钙林涝聪促.弊成 叭促啊 阑瘤肺率栏肺 吭绰单,瘤唱磨锭付促 啊霸 菊俊辑 曼 灌霸 牢荤窍绰 攫聪啊 乐绢夸.坷疵篮 瞒付 瘤唱摹瘤 给窍绊 甸绢吭绢夸.朝揪啊 炼陛 歹 蝶淀沁歹扼搁 钙林啊 曼 咐乐菌阑刨单,炼陛 酒奖匙夸.辟单, 捞 笼 霉 儡篮 100盔 青荤 吝捞饭夸.弊唱历唱 坷疵篮 漂洒唱 歹 寇惫牢贸烦 焊捞唱毫夸.林巩 罐栏搁辑 ""绢力档 坷继烈?"" 窍寂辑 ""酒储?"" 沁绰单""瞒捞聪令?"" 捞矾矫匙夸.茄惫绢 角仿阑 疵妨具摆绢夸.#江茄档矫巢磊 #阑瘤肺3啊开 #付何龋橇"
酒阁靛快蜡甫 持篮 鳖其扼都? 唱 肯傈 脚技拌甫咐好绢..せぞ @peanut_butterrrrrrr 基捞尔 阑瘤肺啊辑 '寒殿荤扁' 固记 努府绢! 荐绊窍继绢侩?? @ssanghyunkim 炼疙荤厘丛 炉?-#阑瘤肺 #阑瘤肺3啊开 #炼疙 #炼疙牢抛府绢 #酒阁靛快蜡 #酒阁靛宏府令 #鳖其扼都 #娩瘤父 #抄酒捞胶墨其扼都 #府芥官叼鞘扼聪胶 #措冠唱扼
铰厚具 积老绵窍秦 ???#坷疵篮呈狼朝 #happybirthday @seung__bee #阑瘤肺3啊开#龋炮荐急拳#秒氢历拜#澜厩#客牢 #??? #技咯磊 #眠撅 #5斥饶牢磐轰皋老#铰厚笼客牢#freinds#congratulations #koreangirls #instafollow林牢傍篮 惩 单.... 绢调聪捞 ??
"背腊罐绊 硼辟辨俊 篮炼尔 户碱俏?#户鉴捞#阑瘤肺3啊开#帮飘鄂溅府俊 #农肺客惑咐笼#best1,2,3 促或寸?"
#搁立 傈 #痢缴#阑瘤肺3啊开 #辑宏傀捞#去逛 #冈胶鸥弊伐搁立厘俊辑 咯扁辑 夯 荤恩 乐绢辑 #家坷抚 せ
醒祉祥矣躬 #阑瘤肺3啊开  #JUMP 篇妾亳骰谈塌吉锚篇?? 醣慝蝎偏＋毛！！！！！#20160418#岿夸老#蜡切#蜡切积劝#蜡切胶鸥弊伐#辑匡#辑碍措#茄老目敲#缀?#?#?遛#?缀?耖#?哝#仵?惜#痢橇
#乞剧趁搁 #阑瘤搁苛 #阑瘤肺3啊开 #冈胶鸥弊伐
盒困扁逞炼栏尺捞慧捞甸傣俊?#NY墨其 仟靛矩凄#阑瘤肺 #荐钎背荤芭府 #矫弊聪贸鸥况#春垮墨其#阑瘤肺春垮墨其#颇胶鸥矩凄#摹挪凄#阑瘤肺3啊开#辆肺咐笼#疙悼咐笼#林富林瞒啊瓷#林瞒公丰#没拌玫林瞒公丰#没拌玫唱甸捞#抗慧饭胶配尔#老惑#单老府#冈规#茄儡#酱公目钙林#漠胶滚弊钙林#咐乐绰钙林笼#抗慧饭胶配尔#单老府#老惑#冈规#贱荤尔#雀侥厘家#埃侥窜眉林巩#浚客捞墨其
#困厚胶#坷府浚萍绢傅#拿扼敲#绢馆扼捞橇胶鸥老#瘤季#瘤季咳骨#瘤季胶器明#拿媚妮#瘤胶官捞#敲扼雷鸥捞芭#杭候#啊绰辨#阑瘤肺3啊开#扁促府哥#窜眉鸡
#困厚胶#坷府浚萍绢傅#拿扼敲#绢馆扼捞橇胶鸥老#瘤季#瘤季咳骨#瘤季胶器明#拿媚妮#瘤胶官捞#敲扼雷鸥捞芭#杭候#阑瘤肺3啊开#版汗泵开啊绰辨#窜眉鸡
(@hanshhhhh )靛叼绢 郴老 4岿16老 茄铰锐丛 配农能辑飘啊 乐绰 朝 涝聪促!  厚家侥捞 乐绢辑 炼陛 捌沥胶反瘤父秦寇俊辑 坷矫绰 埔盒甸! 瘤规俊辑 坷矫绰 埔盒甸! 弊烦俊档 快赴 郴老 父唱夸^^* 炼缴洒甸 坷技夸!#茄铰锐 #配农能辑飘 #4岿16老#广7矫 #疙悼付府酒圈 #阑瘤肺3啊开 #12锅免备 #档焊5盒
#摹钙 #阑瘤肺3啊开 #官坊萍畴  唱 脚涝锭何磐 乐菌栏聪 弥家 20斥篮 等 催笼
荤尔篮 怖笛捞辑父#阑瘤肺3啊开 #臂胶鸥弊伐
#魂荐癌魂 #荐夸固侥雀 #鉴措 #咐笼 #阑瘤肺3啊开 #埃
Blue........#21混 #96 #96斥积 #剧富 #blue #叼弊倡 #急迫 #嘎迫 #迫肺绢 #迫肺快 #迫肺况 #instagram #instasize #instadaily #单老府 #老惑 #家烹 #瘩臂 #措切积 #渴胶鸥弊伐 #酒捞迄6 #单老府疯 #葛胆瘤噶积 #葛胆 #葛胆切苞 #model #阑瘤肺3啊开
冠瘤龋 积老扁充?#阑瘤肺3啊#阑瘤肺3啊开#脚档矫#付福内#脚胶鸥#冠胶鸥
#矫 #酒墨矫酒 #捞惑汗 #阑瘤肺3啊开 #傈俊嘛篮荤柳 #臂胶鸥弊伐#力格 搬富阑 捞败尘 侩扁航采 氢扁 啊垫 角绢 柯 官恩捞呈狼 寂明 磊遏阑 如甸绢 初绰促官恩俊 赣府漠捞 如甸副 锭付促瑞绢瘤绰 呈狼 弊 氢郴澜篮瘤刀洒档 啊矫父捞 啊垫窍唱弊 氢俊 唱绰 秒秦滚赴促弊 场捞 酒抚翠瘤 给 窍促绰 吧唱绰 捞固 抗螟窍绊 乐促
",鞭父巢 榴疤瘤 せせ临辑辑 扁促啡....阑瘤肺3啊开 悼版快悼坷淡归馆捞尔 墨饭快悼 ????亮酒 甭甭.#咐胶鸥弊伐 #冈胶鸥弊伐 #历翅侥荤 #牢胶鸥仟靛 #instafood #food #foodstagram #instadaily #老惑 #阑瘤肺3啊开 #咐笼 #悼版快悼 #墨饭快悼 #坷淡归馆 #墨饭 #快悼 #坷淡 #归馆 #eatstagram #冈何覆"
慢胶都尝敲饭磐?部扁荤尔 橙橙橙#NY墨其 仟靛矩凄#阑瘤肺 #荐钎背荤芭府 #矫弊聪贸鸥况#春垮墨其#阑瘤肺春垮墨其#颇胶鸥矩凄#摹挪凄#阑瘤肺3啊开#辆肺咐笼#疙悼咐笼#林富林瞒啊瓷#林瞒公丰#没拌玫林瞒公丰#没拌玫唱甸捞#抗慧饭胶配尔#老惑#单老府#冈规#茄儡#酱公目钙林#漠胶滚弊钙林#咐乐绰钙林笼#抗慧饭胶配尔#单老府#老惑#冈规#贱荤尔#雀侥厘家
捞哩柳楼蝶弗芭给宫绰促 ?夸硫 肯傈?俊狐柳 酱公目官捞哩剐钙捞尔孺钙. 肚窍唱狼 馆秦滚赴 漠胶滚弊积钙林. . 柳沥钙林付聪酒狼辨肺甸绢辑绞聪促. せ#NY墨其 仟靛矩凄 #ny墨其#钙林#龋橇#阑瘤肺 #荐钎背荤芭府 #矫弊聪贸鸥况#春垮墨其#阑瘤肺春垮墨其#颇胶鸥矩凄#摹挪凄#阑瘤肺3啊开#辆肺咐笼#疙悼咐笼#林富林瞒啊瓷#林瞒公丰#没拌玫林瞒公丰#没拌玫唱甸捞#抗慧饭胶配尔#老惑#单老府#冈规#茄儡#酱公目钙林#漠胶滚弊钙林#咐乐绰钙林笼#抗慧饭胶配尔#单老府#老惑#冈规#贱荤尔#雀侥厘家#贱胶鸥弊伐 #冈规
#NY墨其 俊辑~#NY墨其 仟靛矩凄 #阑瘤肺 #荐钎背荤芭府 #矫弊聪贸鸥况#春垮墨其#阑瘤肺春垮墨其#颇胶鸥矩凄#摹挪凄#阑瘤肺3啊开#辆肺咐笼#疙悼咐笼#林富林瞒啊瓷#林瞒公丰#没拌玫林瞒公丰#没拌玫唱甸捞#抗慧饭胶配尔#老惑#单老府#冈规#没拌玫林瞒公丰#没拌玫唱甸捞#抗慧饭胶配尔#
悼积捞抗悔霸 NY肺绊甫冠酒辑焊郴林菌寸季胶里捞?#NY墨其 仟靛矩凄 #胶都尝炉农绊窜归窍寸 #阑瘤肺 #荐钎背荤芭府 #矫弊聪贸鸥况#春垮墨其#阑瘤肺春垮墨其#颇胶鸥矩凄#摹挪凄#阑瘤肺3啊开#辆肺咐笼#疙悼咐笼#林富林瞒啊瓷#林瞒公丰#没拌玫林瞒公丰#没拌玫唱甸捞#抗慧饭胶配尔#老惑#单老府#冈规#茄儡#阑瘤肺 #荐钎背荤芭府 #矫弊聪贸鸥况#春垮墨其#阑瘤肺春垮墨其#颇胶鸥矩凄#摹挪凄#阑瘤肺3啊开#辆肺咐笼#疙悼咐笼#林富林瞒啊瓷#林瞒公丰#没拌玫林瞒公丰#没拌玫唱甸捞#抗慧饭胶配尔##NY墨其 仟靛矩凄 #阑瘤肺 #荐钎背荤芭府 #矫弊聪贸鸥况#春垮墨其#阑瘤肺春垮墨其#颇胶鸥矩凄#摹挪凄#阑瘤肺3啊开#辆肺咐笼#疙悼咐笼#林富林瞒啊瓷#林瞒公丰#没拌玫林瞒公丰#没拌玫唱甸捞#抗慧饭胶配尔#老惑#单老府#冈规#茄儡#阑瘤肺 #荐钎背荤芭府 #矫弊聪贸鸥况#春垮墨其#阑瘤肺春垮墨其#颇胶鸥矩凄
.苞芭客 泅犁啊 扁功窍霸 绢快矾柳 #目乔茄距规 #阑瘤肺2啊 #阑瘤肺3啊开 #阑瘤肺墨其 #后萍瘤 #酒朝肺弊 #墨其胶鸥弊伐 #墨其 #cafe #Seoul
#NY墨其 仟靛矩凄NY阂催促府寸 !  概霓.措冠. 钙林茄儡窍扁炉?#NY墨其 仟靛矩凄 #胶都尝炉农绊窜归窍寸 #阑瘤肺 #荐钎背荤芭府 #矫弊聪贸鸥况#春垮墨其#阑瘤肺春垮墨其#颇胶鸥矩凄#摹挪凄#阑瘤肺3啊开#辆肺咐笼#疙悼咐笼#林富林瞒啊瓷#林瞒公丰#没拌玫林瞒公丰#没拌玫唱甸捞#抗慧饭胶配尔#老惑#单老府#冈规#茄儡#阑瘤肺 #荐钎背荤芭府 #矫弊聪贸鸥况#春垮墨其#阑瘤肺春垮墨其#颇胶鸥矩凄#摹挪凄#阑瘤肺3啊开#辆肺咐笼#疙悼咐笼#林富林瞒啊瓷#林瞒公丰#没拌玫林瞒公丰#没拌玫唱甸捞#抗慧饭胶配尔#
#魂荐癌魂 #荐夸固侥雀 #荐夸固侥雀咐笼 #辆肺咐笼 #阑瘤肺3啊开 #荐腊 #鉴措惫 #鉴措惫逛#葛狄鉴措 #葛惦鉴措 #鞠煌#局扁焊#酒官捞鉴措 #乔鉴措
概厘 菊俊 巧 孩采 焊哥 航嘎捞吝?
"惑蔫茄 酒魔, 扁盒 亮篮 酒魔 #茄贾力瘤 #茄贾 #犁积酒飘瘤 #颇牢俊厚春 #阑瘤肺3啊开 #航阑 #舅府绰 #拳盒唱床林扁 #绊付况夸 #快府焊绊 #茄拳揪矩揪衬聪 #快府绰 #茄拳俊胶矩揪"
#pinksky #euljiro #seoul #俏农窍疵 #阑瘤肺3啊开
#目乔茄距规 #阑瘤肺3啊开坷锹沁阑锭何磐 坷绊酵菌带 镑牢单.. 购啊 拌加 矫埃捞 嘎瘤臼酒辑 给吭带镑... 柳楼 榜格俊 见绢乐绰 鲍芭肺 甸绢啊绰 淀茄 蠢肠狼 漫笼. 郴涝俊 迭嘎绰 崔瘤臼篮 #皋捞敲扼都
#荤公角观 #浅版 #阑瘤肺3啊开 辟贸 #吝备檬悼
#NY墨其 仟靛矩凄 #胶都尝炉农绊窜归窍寸 #阑瘤肺 #荐钎背荤芭府 #矫弊聪贸鸥况#春垮墨其#阑瘤肺墨其#颇胶鸥矩凄#颇胶鸥#摹挪凄#阑瘤肺3啊开#辆肺咐笼#疙悼咐笼#林富林瞒啊瓷#林瞒公丰#没拌玫林瞒公丰#没拌玫唱甸捞#抗慧饭胶配尔#咐笼#阑瘤肺咐笼#宏繁墨其
"#阑瘤肺 荐钎背荤芭府 #矫弊聪贸鸥况林富林瞒啊公丰扼辑 疙悼.没拌玫.牢荤悼殿唱甸捞唱坷角锭 祈救洒 侥荤档窍矫哥,瞒档付矫绊 腹捞茫栏矫绰扒拱涝聪促?#春垮墨其#阑瘤肺春垮墨其#颇胶鸥矩凄#摹挪凄#阑瘤肺3啊开#辆肺咐笼#疙悼咐笼#林富林瞒啊瓷#林瞒公丰#没拌玫林瞒公丰#没拌玫唱甸捞#抗慧饭胶配尔#"
"俱篮 档快俊 摹令客 荤苞, 曹捞 抿福福袱茄 局敲 乔磊! 崔霓茄单 窜归茄 蠢肠篮 荤苞锭巩牢涤 #局敲乔磊 #荤苞乔磊 #阑瘤肺3啊开 #阑瘤肺3啊开咐笼 #阑瘤肺3啊 #冈胶鸥弊伐 #咐胶鸥弊伐 #乔磊 #局敲 #荤苞 #救林"

悼规脚扁?捅??#阑瘤肺3啊开 #豚颞重3识 #悼规脚扁 #TVXQ #荤尔秦夸
"3/25(陛) #酒魔 #06矫30盒, #吝备 #疙焊酒飘圈 菊 笼搬, #阑瘤肺3啊开 #9锅免备 20M 傈规 #府公柳 滚胶 措扁, #酒魔侥荤 #霖厚登菌澜. #捞鉴脚器烦 #捞何版 棵覆"
#坷疵磊林款巴 #阑瘤肺3啊开
#冈胶鸥弊伐 #阑瘤肺3啊开 #阑瘤搁苛 #祈腊趁搁... 弊府绊 祈腊 夸扁俊 家林 茄 儡档 鞍捞~ せせせ
#冈胶鸥弊伐 #阑瘤肺3啊开 #趁搁 #阑瘤搁苛 #拱趁搁 2016斥 霉 趁搁!!!
郴 模备啊 瞒赴 荐力滚芭笼~瘪瘪茄 钾揪肺 楷备窍绊 绊刮窍咯 坷锹沁促绰单 肚 规巩秦拎具陵~柳楼 #琴曹咐 !!#胶鸥棍胶 绊鞭盔滴肺 酒皋府墨畴甫 1500盔俊 咐杭荐 乐促聪~~措冠!!#面公肺咐笼 #阑瘤肺3啊开#滚芭矩靛傅农 #荐力滚芭#侵档弊#目乔 #孤瘤拿硅快 #采固巢 #硅快
#快悼#悼版快悼#面公肺#阑瘤肺3啊开#牢尖榜格#udong 老斥档 歹 坷罚父俊 规巩#窃 霖厚窍矾#辆肺 甸赴辨#老惑#皑己#daily#冈胶鸥弊伐#foodporn#快悼胶鸥弊伐#noodlestagram#udongstagram#gourmet#noodle
航嘎捞 俏农俏农???隔贰 伎墨嘛促 吧妨 率迫覆????..#航嘎捞 #颇胶炮 #俏农 #伎胶鸥弊伐 #伎绊磊 #辟公吝 #隔贰 #吧覆 #刮噶 #阑瘤肺2啊 #阑瘤肺3啊开 #急迫 #嘎迫
泥备港俊 官恩持扁#救惫开 俊 郴妨辑 #合锰茄苛付阑 俊辑 辨阑 给茫酒辑 庆皋捞促啊#版汗泵倒淬辨 档 叭绊 #堡拳巩 档 焊绊..#捞鉴脚悼惑 捞尔 #技辆措空悼惑 7矫登搁 渴俺难初绊 硼辟茄促绊 丑淬档窍绊#没拌玫 蝶扼 叭促啊 #阑瘤肺3啊开 啊辑#2龋急 鸥绊 #空绞府 肺 汗蓖!#单捞飘胶鸥弊伐 #单捞飘 #单捞飘胶鸥弊伐? #反胶鸥弊伐 #love #?? #催混目敲 #舅尼崔尼 #崔崔 #目敲 #魂氓 #唱甸捞 #绊泵 #荤尔槽 #lovestagram #couple
20160312 #jkyoon #skinhead #吝碍胶鸥弊伐 #阑瘤肺3啊开
#霉临昏力 #畴焊沥 #格夸老#伎乔 #伎墨 #伎胶鸥弊伐 #倔墨 #倔胶鸥弊伐 #窍飘恍恍 #窍飘窍飘 #皑荤#辑匡漂喊矫 #吝备 #阑瘤肺3啊开 #付脚贱篮 #汗罐篮汗盒磊 #鉴窍府贸澜贸烦荤苞弊.烦.弊.犯.瘤.
坷疵狼 痢缴篮 脾辫快悼涝聪促.贱蔼 滚蠢扼 咯扁历扁 颊 桓绊 惯阑 淬鄙歹聪 林富阑 烹栏肺 浆扁啊 绢妨况夸.捞锅 林绰 坷疵 窍风 浆绰单 朝篮 蝶淀窍瘤父 厚啊 坷匙夸.巴滴 腹捞 柯促绊... 弊犯促绊 笼俊父 乐变 饺绢辑 被~捞 快悼阑 冈栏矾 矫郴俊 唱吭嚼聪促.老绢唱磊付磊 舅绊 焊搁 脾辫渴捞 芭狼 户荐霖牢 捞 笼 脾辫快悼捞 冈绊 酵绢辑夸.坷疵篮 埃窜洒 快悼父 冈绢具瘤...快悼父 冈绢具瘤... 沁绰单... 冈绊绰 攫痴 氨酒具 且 老阑 秦具 窍绰单颇傈 荤柳阑 毫 滚妨辑 肚 葛福拔匙夸.厚 坷绰 芭府甫 郴促焊哥 快悼 冈栏聪鳖 扁盒 亮匙夸.#江茄档矫巢磊#阑瘤肺3啊开 #悼版快悼#脾辫快悼 #霓厚
靛诞~亩府~叼乔累瘤父~酒淬茄~捞具扁甸ぞ#概赣靛目乔#目乔 #阑瘤肺3啊#面公肺#阑瘤肺3啊开#面公肺开 #妇葛胶目乔 #疙焊荤芭府 #亩府 #亩府弊扼乔
#1883 #1883墨其 #1883cafe #1883syrups #syrup #Ade #redpepper #阑瘤肺3啊开 #阑瘤肺3啊墨其 #面公肺开 #疙焊酒飘圈 #矫反 #1883矫反 #俊捞靛 #墨其 #目乔胶鸥弊伐 #藕魂澜丰 #林胶
#阑瘤肺3啊开#阑瘤肺3啊咐笼#备抚傍规#且扼乔储摹挪刨歹#2瞒#阑瘤肺钙林笼#墨其屈钙林笼#胶隔厚绢#促捞醋凄#绒公#老惑#单老府#冈规#冈胶鸥弊伐#咐胶鸥弊伐#daily#foodgram#Publichouse#ChickenTenders
#冈胶鸥弊伐 #搁胶鸥弊伐 #instafood #instanoodle #foodstagram #foodporn #乞趁 #乞剧趁搁 #趁搁 #拱趁搁 #历悼 #阑瘤肺3啊开 #seoul捞惠??
湿螵泉?藩洫锚篇蕺??#?臻#迎痣臻#茄惫咯青#阑瘤肺3啊开#20160229
@hanshhhhh 3岿12老 配夸老 广 7矫 疙悼 付府酒圈俊辑 乐阑 茄铰锐丛 滴锅掳 配农能辑飘[肺盖平 拳捞飘单捞 配农能辑飘 ] 傈拳抗概啊 矫累 登菌嚼聪促! 辑笛矾辑 抗概 窍矫扁 官而聪促!^^*#茄铰锐 #滴锅掳配农能辑飘 #肺盖平 #拳捞飘单捞 #3岿12老 #配夸老 #广7矫 #疙悼付府酒圈 #3龋急 #阑瘤肺3啊开 #档焊5盒
#蠢肠 #盒困扁兵菩 #目乔茄距规 #阑瘤肺3啊开
"澜.. 盒困扁档 咐档 唱悔瘤 臼栏唱, 绊扁啊 绕力扼辑 龋阂龋啊 哎府绰 淀!滚几备捞 肯傈 咐乐澜!! 辑厚胶肺 唱柯 抿矾胶档 炉!! ? #枚电仇 #阑瘤肺3啊开 #雀侥"
#1883墨其 #1883cafe #1883 #疙焊酒飘圈 #疙焊荤芭府 #阑瘤肺3啊开 #阑瘤肺3啊墨其 #目乔胶鸥弊伐 #目乔 #叠扁 #叠扁扼都 #俊捞靛 #农覆摹令 #叼历飘 #目俏 #肺胶泼 #酒皋府墨畴
#1883 #1883墨其 #1883cafe #疙焊酒飘圈 #疙焊荤芭府 #阑瘤肺3啊开 #阑瘤肺3啊墨其 #目乔胶鸥弊伐 #目乔俭 #扼都 #目俏 #叼历飘 #叠扁 #俊弊鸥福飘 #肺胶泼
#冈胶鸥弊伐 #冈规 #咐笼胶鸥弊伐 #咐笼 #咐胶鸥弊伐 #荐夸固侥雀 #荐夸固侥雀咐笼 #荐夸固侥雀哎厚 #荐夸固侥雀家哎厚 #阑瘤肺 #阑瘤肺咐笼 #阑瘤肺3啊开 #阑瘤肺3啊咐笼 #哎厚咐笼 #家哎厚咐笼 #青汗尝聪 #炼急苛 #剧充哎厚 #剧充哎厚咐笼 #嘎迫 #嘎迫券康
#阂绊扁 #阑瘤肺3啊开 #篮己厘
#阑瘤肺 #辆肺 #阑瘤肺3啊开 #辆肺3啊开 #阑瘤搁苛 #乞剧趁搁 瘤陛鳖瘤 冈菌带 澜侥 吝俊 窜楷内 弥绊扼带 弊.开矫 怪怪秦. 2斥掳 乞剧趁搁 利览扁?
#阑瘤肺 #辆肺 #阑瘤肺3啊开 #辆肺3啊开 #悼盔笼 #皑磊惫 #立矫鉴措 配放 鉴措惫笼捞 4矫馆俊 国结 巩阑 摧疽阑 临篮 隔耳扁俊 癌累胶反霸 啊霸等 悼盔笼!柳楼 皑磊啊 搂窍备 殿厘茄促.剧 炉 腹澜? #促捞醋内靛 局侩秦具摆寸?
.泪矫 惯吧澜阑 肛眠菌促. 郴郴 传阑 皑绊 楷林窍带 葛嚼捞胶媚啊绰 荤恩甸苞绰 促弗 傍埃俊 赣拱绊 乐绰 淀茄 蠢肠. '窍匡狼 框流捞绰 己(牢积狼 雀傈格付)'狼 急啦捞  啊娇俊 颇绊电促. #阑瘤肺3啊开 #官捞倔赴 #窍匡狼框流捞绰己 #牢积狼雀傈格付 #芭府狼抗贱啊 #artist
#阑瘤肺3啊开 #康遏榜桂捞 #烹榜桂捞公魔 #拌鄂富捞 #家钙 捞尔 #rr 货肺款咐狼 #榜桂捞公魔 #咐勒促 #沥脚荤噶 ???
唱绰 阑瘤肺3啊开 捧疙牢埃捞促.#硼辟 #伎墨 #航篮攫力坷唱 #官恩竭竭 #阑瘤肺3啊开
"2岿 26老 陛夸老 历翅8矫 辑匡矫 吝备 面公肺 7辨 17辨 4摸 '龋炮荐急拳'积老颇萍秦夸坷 ? 唱捞冈扁傈俊 茄锅硫 ぞぞ 叼磊捞呈 技盒捞辑 累诀窍矫绊 cafe,bar 款康窍矫绰 '龋炮荐急拳'(龋炮 酒凑聪促:) 俊辑 26老 广8矫何磐 货寒4矫鳖瘤 颇萍钦聪促 . 雀厚 2父盔 (公炼扒泅陛 捞芭吝夸)贱 公力茄俊 , 叼力捞 窍绰 模备甸捞 澜厩档 撇绊 犁拐霸 愁酒焊妨备夸 . 傍康林瞒厘 公丰 捞侩 啊瓷窍矫备咯 ,澜 澜阑瘤肺3啊开 10锅免备 辟贸涝聪促 荤尔轻夸.......  泵陛茄芭 楷遏秦夸坷 .  #梆积老 #birthday #2岿26老 #26 #龋炮荐急拳 #daily #we #like #party #阑瘤肺3啊开 #10锅免备"
矫急
#阑瘤肺3啊开 #G付南 #汲泅
咐乐促!!! 概老 冈阑荐 乐阑淀!!! ???#阑瘤肺3啊 #阑瘤肺3啊开 #阑瘤肺3啊咐笼 #捞巢厘 #捞巢厘汲贩帕#汲贩帕 #冈胶鸥弊伐#咐胶鸥弊伐#仟靛胶鸥弊伐#咐乐促#yami #具固 #具固具固 #food #foodporn #foodie #foodgasm #foods #foodgasm #foodlover #foodstagram
"#阑瘤肺3啊开 #搁立汗厘 #搁立饶俊 #单捞飘弊伐 #疙悼单捞飘 #寇免 #拳厘前碱俏 #厚 #眠利眠利 茄矫埃悼救 搁立好传单,, 褥,,#捍盔狼畴抗 #澄胶鸥弊伐 捞力矫累捞备唱!"
#1883 #1883cafe #1883矫反 #1883syrups #疙焊酒飘圈 #阑瘤肺3啊开 #疙焊荤芭府 #阑瘤肺3啊咐笼 #阑瘤肺3啊墨其 #墨其 #kape #coffee #coffeeshop #靛烦墓 #痢橇 #老惑 #墨其 #espresso
#瘤窍枚3龋急 #阑瘤肺3啊开 #墨皋扼. . .瘤难焊绊 乐唱?  唱狼 硼辟?乔帮 乔帮. . .传捞 狐龙巴 鞍促绰. . .
#吩单矫萍龋炮疙悼 #疙悼 #阑瘤肺3啊开 档焊3盒 #酱其府绢飘扩 #具版甭 #炼侥档 #甭 #lottecityhotel #myeongdong
#牢胶鸥弊伐  #咐胶鸥弊伐  #辑匡咐笼 #枚电仇 #备捞酋疙啊 #辑厚胶甭 #阑瘤肺3啊开
#目乔茄距规 #阑瘤肺3啊开 #酒器墨配 #鞘磐胶其既目乔 #矫促葛 #目乔 #墨其 #勤靛靛赋 #绊浅 #阑瘤肺呼爹
贱捞 贱贱靛埃促 叼龙父茄 咐捞焙#辆肺3啊开 #阑瘤肺3啊开 #辆肺咐笼 #辆肺汲贩帕 #葛惦荐腊傈榜 #TGIF #冈胶鸥弊伐 #贱胶鸥弊伐 
矫埃狼 辨格唱甫 困茄 唱狼 窍风#老惑#家烹#单老府#25混#急迫#嘎迫#臂胶鸥弊伐#皑己胶鸥弊伐#皑己#积阿#矫#瘤窍枚#免辟辨#2龋急#阑瘤肺3啊开
埃窜洒 3瞒 #捣鳖胶 #零器 #畴啊府 #拌鄂富捞 #父急龋橇 #阑瘤肺 #阑瘤肺3啊 #阑瘤肺3啊开 #贱笼 #龋橇笼
#魂荐癌魂 #阑瘤肺3啊 #阑瘤肺咐笼 #阑瘤肺3啊开 #阑瘤肺4啊 #阑瘤肺4啊开 #鉴措惫 #鉴措 #鉴措葛澜 #咐笼 #促遏规 魂荐癌魂! 鉴措葛惦!犁钎 荤快叼俊辑 汗蓖窍绊 促矫陛 茫澜溃哪 饶 埃窜洒 筋钙!咐 4啊拜 4盒困扁 3.5啊己厚 4鉴措客 矫厘盒困扁狼促遏规捞 鞘夸窍促搁 眠玫!
阑瘤肺 3啊 拳傣苞 海配亥俊辑 寇侥窍绰 朝~ぞ坷罚父俊 匡 龋林评 焊绰备唱!ぞ 咯扁 咐笼捞扼绰单 扁措啊 登匙 せ#阑瘤肺3啊开 #阑瘤肺3啊开咐笼 #拳傣苞海配亥 #拳傣苞海配亥? #龋林糕滚 #伎墨 #selpic #伎胶鸥
#叼祭滚 #促矫促 #能辑飘 #1岿23老 #坷疵 #疙焊酒飘圈窍恩圈 #辑匡 #阑瘤肺3啊开 #呈公娩促 #眠况 
怖 穷腐 瑚胶内宏狼 繁傀捞鞍促:DToday's Euljiro 3-ga station seems like an artwork of #henrikvibskov #euljiro3ga #阑瘤肺3啊开 
#家绊扁 #殿缴 #惑快 #阑瘤肺3啊开 #绊扁 #雀侥 #冈胶鸥弊伐 #foodstagram
:绢力何磐 咐笼捧绢!林茄捞啊 冈绊酵措辑 阑瘤肺鳖瘤 吭促!阑瘤肺3啊 枚电仇??--#枚电仇 #疙悼夯痢 #疙悼咐笼 #冈胶鸥弊伐 #阑瘤肺3啊开#冈规捧绢 #皑己荤柳 #力1傍厘 #伙般混 #坷府绊扁 #圾矾靛
#1883 #1883cafe #1883syrup #1883墨其 #1883矫反 #疙焊酒飘圈 #Cappuccino #cafe #阑瘤肺3啊 #阑瘤肺3啊开 #阑瘤肺3啊墨其 #Americano #cafemocha #sandwich #strawberries #Vanilla #caramel #目乔 #老惑 #绒侥 #葛墨
#1883 #1883墨其 #1883cafe #1883syrup #syrup #疙焊酒飘圈 #阑瘤肺3啊 #阑瘤肺3啊开 #阑瘤肺3啊墨其 #剐农萍扼都 #倔弊饭捞 #绊备付 #墨其 #酒皋府墨畴 #矫反 #Espresso #Ade #Americano #Latte #Milktea
#辫窍唱 #2015-7-4 #评漠扼酒飘 迷康雀 #霉父巢 #阑瘤肺3啊开 #牢尖惑啊榜格 #茄咯抚 #叭扁款悼 腹捞窃 #http://cafe.daum.net/hanakimlove
#1883 #1883墨其 #1883墨其 #1883cafe #1883syrup #墨其 #疙焊酒飘圈 #阑瘤肺3啊 #阑瘤肺3啊墨其 #阑瘤肺3啊开 #诺呐 #乓喉矾 #俊胶橇饭家 #Espresso #Latte #老惑 #绒侥
#1883 #1883矫反 #1883墨其 #1883cafe #1883syrup #syrup #阑瘤肺3啊 #阑瘤肺3啊开 #阑瘤肺3啊墨其 #矫反 #Ade #滚喉箔 #bublegum 公郊咐??
腊雀 救 亮酒沁绰单 坷狐啊 单府绊 啊辑 冈咯霖 #堡厘矫厘#磊概笼#腊雀 ?  绊扁绰 备绢冈绰 芭扼 积阿沁绰单 曼扁抚 锭巩牢瘤 绊家窍绊 具甸具甸 茄 咐捞 老前捞菌促?#辑匡#阑瘤肺3啊开#堡厘矫厘#腊雀磊概笼
快府啊霸 纳捞农 巢篮纳捞农啊 历巴挥 酒奖促#帮飘鄂溅府俊 #阑瘤肺3啊开 #尔绊碱妮扼 #坷其扼纳捞农 #酱颇府宏饭胶飘  #摹令纳捞农  #乔扯矫俊 #喉尔 #鸥福飘 #墨矫胶  #公胶橇肺付陵 #尔绊尔坷其扼力老咐勒绢 #郴流厘 #户档咐勒绢
#阑瘤肺3啊开 #悼版快悼笼 #foodstagram #冈胶鸥弊伐 #tenpura#udon
#眠撅迫捞 #傍吝傈拳 #阑瘤肺3啊开 #悼傈捞绝绢辑酒奖备父 #抗傈浚寇快带锅龋甸捞腹疽绰单 #积阿捞救唱匙
"20151226 Euljiro 3-ga Station, Seoul #korea #seoul #euljiro3ga #subway #instadaily #instasize #阑瘤肺3啊开"
151225 #阑瘤肺3啊开 #面公肺开 #荤尔规漠惫荐坷疵 鞍捞 娩绊 官恩何绰 朝俊 怖 积阿抄促茫酒茫酒埃 4-50斥 等 窜猛茄 笼公缴洒 辑厚胶肺 郴林脚 催磅帕 惫拱捞 歹 咐车瘤拱沸 漠惫荐绰 滴富 且 巴 绝捞 弥绊看促柳楼肺 柳楼肺 呈公 咐乐菌促#漠惫荐 #归槛归馆
#农府胶付胶 #lunatic #孤瘤拿楷必 #阑瘤肺3啊开 #疙焊酒飘圈#碍眠 #楷扁 畴贰 勉 ??? 漂洒 巢硅快丛 绕巢? #榴芭款矫埃 #绊付况?
#阑瘤肺3啊开#枚电仇#伙般混#冈胶鸥弊伐 般混捞 棵父俊 橙橙 ? 彬阐窍促雷 ???
#阑瘤肺3啊开 2锅 免备#坷备馆痢#拳背侥寸#橇沸飘吝惫且酒滚瘤颊啊遏救郴#倾抚茄瞒覆拳背傀捞磐狼吝惫绢林巩槛家 辟贸俊 乐辨贰 硅档 绊橇绊秦辑 甸绢啊 好歹聪 阑瘤肺 3啊 配冠捞 侥寸. 涝备何磐 技岿捞 蠢哺瘤绰 啊霸. 澜侥篮 傈眉利栏肺 淬归茄 蠢肠捞促. 坷备馆痢狼 矫弊聪贸 皋春 焙父滴. 寸搁阑 持瘤臼篮 100% 蹬瘤绊扁 父滴. 柳茄 绊扁咐捞 老前.
"20151222 Euljiro 3-ga Station, Seoul #korea #seoul #euljiro3ga #subway #instadaily #instasize #阑瘤肺3啊开"
#老夸老 #模备胶鸥弊伐? #阑瘤肺3啊开 #老付饭 #林富俊 #雀荤辟贸俊辑 #愁扁#侗纳劳 @easysuni 啊 #颊荐 #流立 父电 #采侗纳劳 #咐 甭甭 #钾揪档 #甭甭? #窜龋冠汲扁 #采居陛侗纳捞农 #促澜俊肚 #何殴秦侩~ #傣盒俊 咐乐绰 #老跨 焊晨?
#冈规#阑瘤肺3啊开#枚电仇 #力1傍厘 #疙悼夯痢橙橙?
#冈规#阑瘤肺3啊开#枚电仇 #力1傍厘 #疙悼夯痢橙橙?
#冈规#阑瘤肺3啊开#枚电仇 #力1傍厘 #疙悼夯痢橙橙?
#a_day#photo #seoul #leicam6 #summaron#35mm#tx400#moment#bw#times #荤柳#老惑#府捞墨#孺归荤柳#阑瘤肺3啊开#窍风瘤难焊绊 乐促
捞繁 扼都绰 梅航!  捞呕府酒俊辑 甸咯柯 快蜡俊 老府 盔滴俊! 摹令农覆 配俏! 公瘤 绊家窃! 妇俊甸绢!  #阑瘤肺3啊开 #老府 #苞磊档罐澜 +_+
#鞘磐目乔..#目乔茄距规#阑瘤肺3啊开#榜格#盒困扁兵菩#盒困扁亮篮墨其#阑瘤肺2啊#靛赋目乔#coffee#dripcoffee#嘎迫秦夸#目乔胶鸥弊伐#目乔#家烹#老惑#day#墨其胶鸥弊伐
-救崇窍技夸 ?#痢焊侥胶 涝聪促..?12岿 钙林 1+1 捞亥飘 ?钙林 茄捍阑 矫虐搁 茄捍捞 傍楼!!?.? 莫鸥坷(愚) 1+1 ??? 芒 1+1 ??.??措包 棺 楷富 窜眉颊丛 抗距 罐嚼聪促??-巩狼 Tel.02-2277-5859#钙林捞亥飘#12岿#jumbo6#thaifood#鸥捞仟靛#历悼咐笼#阑瘤肺3啊开#疙悼咐笼#阑瘤肺3啊#莫鸥坷#芒#beer#阑瘤肺3啊咐笼#捞亥飘吝#窜眉抗距啊瓷钦聪促
富炉档风宫~~~ 炔怕备捞~~~ 咐乐促! 肚 冈绊 酵匙 せせせ #档风宫 #炔怕备捞 #阑瘤坷淡档风宫 #坷淡 #阑瘤肺3啊开
墨其捞抚俊 吧嘎绰 牢抛府绢扼茄距规蠢肠档 拱纠-#阑瘤肺3啊 #阑瘤肺3啊开 #墨其 #目乔 #目乔茄距规 #后萍瘤墨其 #后萍瘤牢抛府绢 #coffee #cafe #vintage #vintagestyle
快楷洒 柯镑俊 郴 肺胶磐扁客鞍篮蜡聪柯 鸥傍..!锭付魔 肺胶泼阑 窍寂辑 备版~-#阑瘤肺3啊 #阑瘤肺3啊开 #墨其 #目乔 #目乔茄距规 #后萍瘤墨其 #肺胶磐府墨其  #后萍瘤牢抛府绢 #coffee #cafe #vintage #vintagestyle #檬惑鼻焊龋喊
阑瘤肺3啊俊 目乔茄距规狼档摹臼霸 惯吧澜茄-#阑瘤肺3啊 #阑瘤肺3啊开 #墨其 #目乔 #目乔茄距规 #后萍瘤墨其 #后萍瘤牢抛府绢 #coffee #cafe #vintage #vintagestyle
颇仟酒春扁聪 靛赋目乔咐唱促~-#coffee #dripcoffee #papuanewguinea #目乔 #颇仟酒春扁聪  #靛赋目乔 #阑瘤肺3啊开 #墨其 #目乔茄距规
帕帕帕???荐腊#阑瘤肺3啊开 #救悼厘 #艰绊扁帕荐腊
#阑瘤肺3啊开#没拌玫咐笼#拳傣苞海配亥#胶抛捞农颇胶鸥#俺咐乐澜#胶抛捞农 ?何靛矾框⒕  #凯沥chef
瘤窍枚俊辑 乔痹绢林澜せせせ#乔痹绢 #阑瘤肺3啊开 #绢亥廉胶 #况赣脚 #垫袍  #俺捞垫
#没拌玫#2015辑匡蝴檬氛绵力#阑瘤肺3啊开#鳃傅#辑匡唱甸捞#楷富#酒掂2015#25混
#discoveryoftheday #胶摹绰老惑狼惯斑  #阑瘤肺3啊开 #免辟辨 151119
鞭累胶反霸 焊霸 等 ?#孤瘤拿 #痢橇 #JUMP...坷罚父俊 孤瘤拿肺 传龋碍 力措肺??沥富 亮篮 谅籍俊辑 硅快甸阑 啊鳖捞 焊绊泅厘 盒困扁 积积沁带 傍楷~ 荤帕鳖瘤 罐绊ぞぞ措荤绰 绝瘤父 寇惫牢甸鳖瘤档 眶栏搁辑 焊绊 决没抄 畴仿甸捞 蠢哺柳 傍楷 杭 荐 乐霸 秦霖 @yoonsy24 绊付况? 坷疵狼 弥绊狼 急琶捞菌促ぞぞ档迪捞 呈公 蓖咯况???#COMIC #MARTIAL #ARTS #PERFORMANCE #VIP #阑瘤肺3啊开 #8锅免备 #疙焊酒飘圈 #MyungBo #ARTHALL #3摸 #傈侩包 #C凯 #巩拳积劝 #老惑 #daily
#阑瘤肺3啊开
#阑瘤肺3啊开 8锅免备 菊 #悼版快悼 俊辑 冈篮#脾辫快悼 快悼咐? 啊拜篮 歹 ?厚废 货快绰 累酒辑....せせせ 脾辫 快悼 焊促绰 蜡何快悼捞唱 绢宫快悼阑 眠玫!! #墨饭扼捞胶 #蜡何檬逛 档 历放茄 啊拜俊 魄概窍脚促!!乞老 历翅捞菌绰单档 快府 第肺 临 辑辑 扁促府绰 颊丛档 乐菌促! 啊霸啊 累瘤父 雀傈啦篮 弧扼辑 傀捞泼捞 决没 辨瘤绰 臼篮 淀 窍寸柳楼 咐乐霸 冈菌寸 孺孺!! 绢力 冈篮 #冈胶鸥弊伐
#冈胶鸥弊伐 #冈规 #阑瘤肺3啊开 #咐笼#枚电仇 #技飘皋春#伙般混#货快#盲场评雀侥栏肺 埃镑~~剧捞 利绢焊捞唱 绊扁啊 滴霹~~檬国俊 部摹肺 备况冈栏聪 咐捞 货酚绊 咐车钧~~~捞繁历繁 荐促客 窃膊 坷颊档颊 付公府~~
#阑瘤肺3啊开
#阑瘤肺3啊开 #芦煌 #啊具己芦煌 #酒绰荤恩篮酒绰咐笼 #2牢1弊俯 #家林积阿唱 #冈胶鸥弊伐 芦煌档 秦魂拱档 喊肺 救 亮酒窍瘤父 仟咙窍绊 咐档 宝满篮 咐笼! 阑瘤肺3啊绰 咐笼捞 腹匙?ぞぞ
#概赣靛目乔#妇葛胶目乔#mmth#mmth029#荐钎悼#阑瘤肺2啊痢#矫弊聪媚鸥况#皋赣靛目乔#阑瘤肺3啊开#酒皋府墨畴#目乔#荐钎悼#捞亥飘#傍楼#event#哗哗肺#沥己郴老篮 #哗哗肺单捞 涝聪促. 喊芭酒聪瘤父 历锐 概厘阑 茫酒客林矫绰 颊丛甸阑困秦沥己阑 淬酒哗哗肺甫 酒林 埋陛 霖厚沁嚼聪促. ??? 咐唱霸靛技夸. ??????? 疵 皑荤钦聪促??????
#牢泅悼 #阑瘤肺3啊开 #阑瘤肺 #魂荐癌魂 #鉴措 #鉴措沥侥 #鉴措惫 #food #foodporn #冈胶鸥弊伐咐乐绰 镑捞促.焊烹 荤柳嘛阑 锭 腹酒具 滴厘 嘛绊 侥扁傈俊 冈绰 祈牢单 颊丛档 腹绊 钦籍捞扼 传摹焊咯 措面 嘛菌促.唱吝俊 代 赫厚绰 矫埃俊 啊毫具摆促..咐乐绰 笼牢扒 嘎促
-?Jumbo6?-[#痢焊侥胶] ?疙窃 捞亥飘 寸梅救郴曼咯秦林脚 葛电盒甸膊 皑荤靛赋聪促!??.菊栏肺档 拌加 柳青瞪 抗沥捞坷聪 腹篮曼咯 何殴靛府摆嚼聪促???? .?寸梅登脚 盒甸膊绰 俺喊楷遏靛副抗沥涝聪促.巩磊 荐飞饶 概厘俊 规巩窍寂辑 巩磊犬牢饶俊侥荤何殴靛府摆嚼聪促.???.巩狼荤亲:02-2277-5859.#jumbo6#鸥捞仟靛#怕惫夸府#铺鸥捞#c剧册#历悼咐笼#吝备#疙悼#阑瘤肺3啊#阑瘤肺3啊开#阑瘤肺咐笼#雀荤盔#疙窃#疙窃捞亥飘#寸梅#绵窍靛赋聪促#窜眉抗距啊瓷#咐痢#咐历#硅绊颇寸梅救登脚盒甸付澜#酒橇瘤付档配档配泪焊
#拳傣苞海配亥 #阑瘤肺3啊开 #气赋慢胶抛捞农 #气赋慢胶抛捞农厚厚钮 #皑磊胶橇 #气赋 #绊扁 #顶尼家胶 #弊钒历钒茄咐
#概赣靛目乔#妇葛胶目乔#mmth#mmth029#荐钎悼#阑瘤肺2啊痢#矫弊聪媚鸥况#阑瘤肺3啊开#酒皋府墨畴#目乔#捞亥飘#睬澜丰#傍楼疙窃捞亥飘甫 泪矫 浆搁辑货肺款 捞亥飘 矫累钦聪促. 官肺???? 圈歹 捞亥飘!!!????? 澜丰 圈歹 救率俊 箭磊 胶萍目甫 公累困肺 嘿咯出靖德!!! 胶萍目啊 嘿咯廉乐绰 圈歹甫 啊廉坷矫搁 葛电澜丰吝 琶1. 公丰涝聪促!!!!! 寸楷??#磊根俊捞靛 何磐 #酒皋府墨畴鳖瘤 酒公芭唱绊福矫搁邓聪促夸. 犁固绝绊 瘤风茄 老惑俊 累篮 捞亥飘肺炼陛捞唱付 #鳃傅 登矫辨 官扼绰 mmth 阑瘤肺2啊痢 涝聪促. ???????????
阑瘤肺3啊 ?? #免辟辨 #阑瘤肺3啊开 #瘤窍枚 #辫巢炼 #祈瘤 #酒魔何磐 #户具户具
#辆肺备#抗瘤悼#辆肺5啊开#阑瘤肺3啊开#堡厘矫厘#付距辫逛 #腊雀#榜桂捞
阑瘤肺狼 历翅篮 沥富 抗患嚼聪促#阑瘤肺 #阑瘤肺2啊 #阑瘤肺3啊开 #阑瘤胶鸥隔 #辑匡 #历翅 #历翅愁 #硼辟辨 #硼辟 #20混 #牢胶鸥弊伐 #老惑 #嘎迫 #急迫
肚 冈栏矾 哎贰.#阑瘤肺#阑瘤肺3啊开#浅巢榜桂捞#榜桂捞#钙林#拌鄂富捞#冈胶鸥弊伐#instasize#instafood#beer#analogfilm
蜡府葛酒 芒叼磊救后萍瘤芒#胶抛牢靛臂扼胶#后萍瘤芒 #后萍瘤芒荐府傈巩#后萍瘤伐橇#荐碍#勤靛皋捞靛 #阑瘤肺3啊开
汲贩帕帕帕???#阑瘤肺3啊开 #捞巢厘 #汲贩帕 #冈胶鸥弊伐
"#辑匡 #阑瘤肺3啊 #阑瘤肺3啊开 #悼盔笼 #皑磊惫 #畴器 #痢缴 #food #comida #koreafood #foodporn #贱 #秦厘 .皑磊惫捞扼 阂府绰 捞 澜侥篮 老馆 焕促蓖秦厘惫, 皑磊帕苞绰 葛嚼捞 促福促. 秦厘惫贸烦 快芭瘤唱 硅眠啊 甸绢乐瘤 臼促. 皑磊帕苞 皑磊惫狼 '皑磊'绰 蹬瘤狼 殿焕 何困狼 老何盒篮 皑磊扼 瘤莫窍看绊 弊 何困甫 荤侩窍咯 谦 产牢 澜侥捞 盔贰 皑磊惫 捞扼绊 阂啡促绊 茄促. 捞 澜侥俊 矫贰扁唱 硅眠, 咯矾 犁丰甫 持绢 帕栏肺 犬措登菌绊, 累篮 兑硅扁俊 淬扁哥 焕促蓖秦厘惫捞 登菌促绰霸 老馆利牢 娟扁捞促. -寝旱捞 酒流 蝶癌瘤父 痢瞒 揭揭秦瘤绰 朝揪俊 惫拱夸府啊 积阿唱绰 啊阑捞 矫累登搁辑 窜浅付成 弧埃惫拱捞 伙矫技尝 积阿唱绰 拌例捞 吭促. 拱沸 传捞 龋碍窍绊 祈救 狼磊俊 旧酒 饶风疯 冈绰 澜侥档 亮瘤父 啊阐篮 良篮 磊府俊 尝咯 旧酒 炼缴胶饭 哆芭款 蹬瘤焕狼 混阑 惯扼 冈绰 犁固档 蠢尝哥, 糠抛捞喉狼 贱惫, 皑磊帕俊 家林茄儡阑 何矾况窍绰 捞 厘家俊辑 货肺款 眠撅阑 嘎捞秦焊绰 巴档 亮阑 巴捞促."
#foodstagram #冈胶鸥弊伐 #udon #curry#japanesefood #阑瘤肺3啊开 #悼版快悼 抄 咯辨 25斥篮 逞霸 客夯芭 鞍促.咐档 啊拜档 咯傈洒 馒窍备唱. ぞぞI have been there for more than 25years.
#冈胶鸥弊伐 #阑瘤肺3啊开 11锅免备#悼版快悼 #坷淡归馆#4.300 啊己厚炉#秦厘肯丰
快府唱扼 弥檬 #吝惫笼 #窍悼包 怪怪茄 概款#伙急芦煌 せせ坷隆绢绰 何靛反匙せせ#阑瘤肺3啊开 #痢缴 #lunchぱ#冈胶鸥弊伐 #咐胶鸥弊伐 #咐笼 #冈规 #老惑 #单老府 #follow #good #InstaSize#instafood #foodstagram #foodporn #koreanfood #life #goodfood#delicious #tasty #辑匡 #seoul #korea
酒何瘤尔 单捞飘~~~~柳楼 咐乐菌框!!!! *_*犁规巩狼荤 200⒕#冈胶鸥弊伐 #咐胶鸥弊伐 #侗父滴惫#父滴惫#父滴#父翟惫#乞贰苛#阑瘤肺3啊#阑瘤肺3啊开
.#目乔茄距规 #阑瘤肺3啊开 #盒困扁兵菩#秒氢历拜
#畴阑 #老隔 #阑瘤肺 #疙例傈朝 #沥矫硼辟 #窍疵 #啊阑老隔 #阑瘤肺3啊开 #怕剧
#颇府官霸哆 #阑瘤肺3啊开 #户笼 措冠阑 扁盔钦聪促
阑瘤肺3啊 悼盔笼...眉牢痢 皑磊帕狼 咐苞绰 瞒盔捞 促弗 皑磊惫...せ咐苞 剧苞 龙捞 促辅聪促...ぞ窜~!!! 瘤唱摹霸 彬阐茄 巴阑 亮酒扼~ 窍矫绰 盒甸篮 皑磊帕 眉牢痢栏肺 啊技夸...^^;悼盔笼篮 技岿狼 如利阑 赣陛绊 乐绰 烤朝侥寸 捞聪鳖夸...^^ #咐笼 #咐胶鸥弊伐 #冈规 #冈胶鸥弊伐 #阑瘤肺咐笼 #阑瘤肺3啊开 #悼盔笼 #皑磊帕 #皑磊惫 #坷疵构冈瘤 #阑瘤肺3啊悼盔笼 #korean #koreanfood #porkandpotatosoup #potstew #porkandpotatoes
#mr.healing#固胶磐鳃傅#阑瘤肺3啊开#tmarkhotel#萍付农龋炮#瘤窍1摸#炼侩茄盒困扁#付荤瘤#masage#救付狼磊#瘤拘#逻逻逻#50盒沥档#乔肺雀汗#?#促府啊窍疵肺棵扼埃惑怕#instasize
????? #阑瘤肺3啊开 #痢器烙措
"270815 #郴老捧绢 夯荤俊辑 #硅扯咯青 免惯 傈 #坷府浚抛捞记 捞 乐带 朝, 炼陛 老嘛 档馒秦 决付客 #痢缴侥荤 甫 窃膊沁促. #阑瘤肺3啊开 辟贸 #pup 苞 #restaurant 甫 扳窍绰 镑捞菌绰单, #凯公辫摹 啊 漂洒 咐乐菌促. 决付狼 叠荤尔栏肺 荤柳阑 蔓默. 呈公 #快捌快捌 冈绊乐菌唱焊促?"
酒矫酒抗贱必厘 俺包 其胶萍国 2015斥 9岿 4老-24老#酒矫酒抗贱必厘 #惫赋酒矫酒巩拳傈寸 #俺包其胶萍国 #阑瘤肺3啊开 #捞怕盔开 #驱拳开 #捞措开 #全措涝备开 #asianartstheatre #AAT #OpeningFestival
咯扁 蕊窍摆匙??菊栏肺 固泼 矫 目乔绰 咯扁辑#阑瘤肺目乔 #绊镊 #阑瘤肺3啊开 #抛捞农酒眶目乔傈巩痢
#辑匡 #阑瘤肺3啊 #阑瘤肺3啊开 #咐笼 #酒快尔 #力林档入蹬瘤 #伙般混 #格混 #历翅 #冈胶鸥胶伐 #冈规 #鞭父巢 #b612 硅何福霸 冈菌德...... ばば
捞 酒捞迄阑 阑瘤肺3啊开俊辑 快楷洒 林菌绰单  Lock捞 登绢 乐绢辑 林牢俊霸 楷遏阑 给 秦夸.ぬぬ 弊贰辑 阑瘤肺3啊 2龋急 绊按季磐俊辑 该板绢夸. 趣矫 酪绢 滚赴盒 焊矫搁 芭扁辑茫酒 啊技夸.勤靛迄 炼缴窍技夸!!!! (** hashtag 腹捞 秦具瘤)#勤靛迄林菌绢夸酪绢滚赴荤恩穿备 #勤靛迄酪绢滚覆 #勤靛迄茫澜 #酒捞迄6 #阑瘤肺3啊 #阑瘤肺3啊开 #老惑 #老惑胶鸥弊伐 #嘎迫 #家烹 #倔胶鸥弊伐 #伎胶鸥弊伐 #冈胶鸥弊伐 #瘤窍枚开2龋急 #咯青
矫盔茄腊荐啊 秦厘俊 迭捞扼绰富捞公郊舵牢瘤 捞秦且荐乐菌促.促矫啊绊酵促.#乞剧趁搁 #阑瘤搁苛 #阑瘤肺3啊开 #惫拱捞矫盔秦 #措父练
#craftbeer #beerstagram #beertoday #beerporn #instabeer #钙胶鸥弊伐 #CraftWorks #IPA #Jirisan #阑瘤肺2啊 #阑瘤肺3啊开 概快 埃父俊 农亏!捞力 茄惫绢 林巩档 啊瓷ぞぞ
"-?#痢焊侥胶 8岿 捞亥飘甫 舅赋聪促!?-痢焊侥胶狼 侵茄 措钎皋春 铺鸥捞册??. 坷饶 5矫~8矫30盒 鳖瘤 50%且牢啊拜 6,000盔!!!!!!!!!!!!!!!!??.腊玫盔!!!!? 腊!!!玫盔!!!?.牢扁皋春牢 铺鸥捞甫 焊促历放窍霸 咐焊角荐 乐绰 蛮-静?(林富俊档 捞亥飘绰 拌加邓聪促?)-痢焊侥胶俊辑 咐乐绰 历翅靛矫绊 捻迄档 莆莆嘛绢啊矫绊 榴芭款 绒啊 焊郴技夸? -(捞亥飘 荤柳捞 泅惑荐硅臂 鞍酒焊捞绰扒 扁盒趴老芭具....?)-#jumbo6#鸥捞仟靛#碍眠皋春#铺鸥捞#铺鸥捞册#历悼咐笼#阑瘤肺3啊#阑瘤肺3啊开#街侩呼爹#吝何版蔓辑荤芭府#8岿捞亥飘#馆蔼捞扼聪#俺捞垫#腊玫父海府#绊公绊公.?钙林2+1捞亥飘绰 拌加柳青钦聪促?"
绢力 历翅俊 冈篮 #檬拌帕趁盲练惯俊 催腊荐 持篮 蠢肠咐乐变茄单 阜 决没唱柳臼篮家林绰 肋 甸绢啊绰 弊繁 咐#搁胶鸥弊伐#冈胶鸥弊伐#咐胶鸥弊伐#贱胶鸥弊伐#乞贰苛#阑瘤肺3啊开#11锅免备#嘎迫#迫肺快
磊俺 呈公 荤尔胶矾况#目乔茄距规#阑瘤肺3啊开#阑瘤肺3啊墨其 #墨其 #cafe #street #seoul #korea#swag #awesome #amazing #coffee #cool #mood #super #dope #interior #instacool #instamood #instasize #目乔 #coffee #宏风雷目乔 #beans #brewingcoffee #rosting #brewing #blend #ice #koke #内纳
壶家府啊 绊胶鄂洒 甸府绊犁令啊 儒福绰 ?矫埃捞 肛冕淀茄 捞 镑?#目乔茄距规#阑瘤肺3啊开 #阑瘤肺3啊#辆肺墨其 #墨其 #cafe #street #seoul #korea#swag #awesome #amazing #coffee #cool #mood #super #dope #interior #instacool #instamood #instasize #目乔 #coffee #interior
#2龋急 #阑瘤肺3啊开 涝备 #阑瘤搁苛 俊辑 #趁搁 呈公唱档 蜡疙茄 笼俊辑 酒林 模茄 屈丛苞 祈腊俊 阿老捍究 冈绊 涝啊缴... ^^.#冈胶鸥弊伐#冈规#冈何覆#冈胶鸥#橙橙#咐胶鸥弊伐#咐笼#咐胶鸥#咐乐促弊伐#咐#澜侥#夸府#急迫#嘎迫#迫肺快#家烹#老惑#亮酒夸#牢模#good#taste#food#seoul#korea
#foodstagram #foodporn #instafood #冈胶鸥弊伐 #乞剧趁搁 #乞趁 #拱趁搁 #趁搁 #阑瘤肺3啊开 #涝沥悼 #面公肺酒 柳楼 呈公 逮匙?捞力 钙林 付矫矾 啊具瘤
#阑瘤肺3啊开 #趁搁捧绢 #阑瘤搁苛 #乞剧趁搁 #祈腊 #趁搁 #荐夸固侥雀 #冈胶鸥弊伐
2015.0709(格) 绊扁颇萍~~??..开矫 攫力唱 绊扁绰 咐乐绢~~??..绷扁绰 角厘丛捞..抄 凯缴洒 橙橙~~???...#阑瘤肺3啊开 #捞尝捞尝
"20150706 Euljiro 3-ga Station, Seoul #korea #seoul #euljiro3ga #subway #instadaily #InstaSize #阑瘤肺3啊开"
?救崇窍技夸 #痢焊侥胶 涝聪促?.痢焊侥胶甫 茫酒林矫绰 绊按丛甸膊 焊翠窍绊磊 7岿 捞亥飘甫 舅妨靛赋聪促?.??霉锅掳 捞亥飘!胶牌橇捻迄 - 2父盔捞惑 侥荤矫 胶牌橇 1俺??胶牌橇 5俺 [铺鸥捞册] 公丰?胶牌橇 10俺 [谎铺豪目府]公丰.?概厘俊辑 胶牌橇捻迄阑 怖! 罐酒啊技夸!.??滴锅掳 捞亥飘!钙林 2+1 - 6岿捞亥飘俊 捞绢辑 7岿俊档 捞亥飘绰 罗-宽?措脚 2+1 捞扼绰扒 救.厚.剐!!!!? ?+?=?.矫盔茄 钙林客窃膊 痢焊侥胶俊辑 咐乐绰 历翅焊郴技夸??.#jumbo6#吝何版蔓辑荤芭府#吝何版蔓辑菊#阑瘤肺3啊#阑瘤肺3啊开#历悼#历悼咐笼#街侩呼爹#阑瘤厚令季磐#7岿捞亥飘#胶牌橇#钙林捞亥飘#鸥捞仟靛#怕惫澜侥#铺鸥捞#谎铺豪目府
#冈胶鸥弊伐#贱胶鸥弊伐#阑瘤肺3啊#阑瘤肺3啊开#阑瘤肺3啊开咐笼#器瞒#父急龋橇#畴啊府#钙林しづ扁绰 #捣啊胶 眠玫 ?促澜锅俊绰 摹挪冈扁肺 荤厘丛捞尔 距加秦码肚啊夸????
盒困扁 亮促~#江茄档矫巢磊 #阑瘤肺3啊开 #估穷龋橇
"20150702 Euljiro 3-ga Station, Seoul #korea #seoul #euljiro3ga #subway #instadaily #InstaSize #阑瘤肺3啊开"
坷厘悼 雀趁搁褥~ 积阿狼寇肺 咐乐匙~せせ柳楼 盔炼笼篮 绢叼瘤~??? #坷厘悼#窃蕊趁搁#雀趁搁#坷厘悼趁搁榜格#腊荐#悼酒趁搁#秦林趁搁#阑瘤肺3啊开#咯抚俊绰趁搁#厚趁#拱趁#雀趁
坷狐具尔 埃父俊 乞老 痢缴单捞飘 ~ 笛捞 梅冈绰 倡瘤丹逛 咐乐寸 剧捞 酒埋窍匙 辟单 芭狼 促冈澜せせ #阑瘤肺3啊开 #蜡槛窜 何磊倡瘤 #倡瘤丹逛 #炼俺帕 辑厚胶 #硅户户林狼
逞客焊绊仆带 父急龋橇?..#阑瘤肺 #阑瘤肺3啊开 #阑瘤肺器瞒 #辆肺器瞒 #器瞒芭府 #器厘付瞒芭府 #父急龋橇 #汲府弥磊器瞒 #弥磊汲府器瞒 #畴啊府 #畴啊府榜格 #贱捞贱贱 #单老府 #老惑 #咯抚浚钙林 #钙林
.??????????????怕惫澜侥 傈巩痢 #痢焊侥胶 钙林捞亥飘?.??? + ? = ?钙林 3捍 靛矫搁 辆幅惑包绝捞 1捍 公丰!-#芒 #莫蝶坷 #教窍 #鸥捞芭 #魂固备郡 #龋啊电 #酒荤洒 #内肺唱 .?捞亥飘肺 罐栏矫绰 钙林绰 啊拜 力茄捞 绝嚼聪促 -?坷矫绰辨阑瘤肺3啊开 12锅免备 #吝何版蔓辑 荤芭府(辑匡矫 吝备 历悼2啊 76-7锅瘤 2摸)-#jumbo6#痢焊6#阑瘤肺3啊#阑瘤肺3啊开#阑瘤肺咐笼#历悼咐笼#鸥捞仟靛#怕惫澜侥#钙林#beer#捞亥飘#钙林捞亥飘#荐涝钙林#绢辑坷技夸
"20150622 subway, Euljiro 3-ga Station, Seoul #korea #seoul #euljiro3ga #subway #instadaily #InstaSize #瘤窍枚 #阑瘤肺3啊开"
-???????????坷疵坷饶俊绰 家唱扁啊 郴府匙夸??镭瘤富绊 快魂 矛扁矫备夸?.历翅俊档 盒困扁 亮篮 #痢焊侥胶 客 窃膊窍技夸!?.荤柳加 皋春绰 痢焊侥胶狼 概牢皋春 #铺鸥捞册 涝聪促? 烹烹茄 #货快 客 酒昏茄 #槛林 甫 持绢 父电 #汉澜搁 夸府涝聪促.怖茄锅 靛寂焊技夸? #碍眠 !!.#jumbo6#痢焊6#阑瘤肺3啊#阑瘤肺3啊开#历悼咐笼#阑瘤肺咐笼#鸥捞仟靛#怕惫夸府#怕惫澜侥#咐胶鸥弊伐
"坷疵狼 咐笼篮 阑瘤肺3啊开 涝备俊 困摹茄 悼版快悼 涝聪促...累瘤父 亮篮 笼 涝聪促...啊拜档 历放窍绊夸...^^;荤柳狼 快悼篮 脾辫快悼 涝聪促... 贾流洒...沥富 咐乐绰 快悼篮 酒凑聪促...窍瘤父 眠撅捞 标电 咐 捞扼绊 且鳖夸??力凹 绢啡阑 锭 悼酒归拳痢 嘎篮祈 固己寸俊辑 冈菌带...弊 快悼 咐...溜...购啊 酒访茄 咐捞 乐绰 弊繁 快悼笼 涝聪促...^^; 啊拜档 决没 历放秦辑...弊成 快悼篮 3,500盔...力啊 冈篮 捧辫快悼篮 4,300盔 涝聪促...^^; 败匡俊绰 怖 茄锅 啊毫具 且 笼~!!! 悼版快悼 涝聪促...^^; 酒~!!!肯寒茄 老夯侥捞唱 绊鞭 快悼阑 茫栏矫绰 盒甸篮 啊矫瘤 付技夸...^^;;公炼扒 角噶窍绞聪促...^^;; #咐笼 #咐胶鸥弊伐 #冈规 #冈胶鸥弊伐 #阑瘤肺3啊开 #阑瘤肺咐笼 #快悼 #蜡何檬逛 #悼版快悼 #快悼墨饭 #眠撅狼咐 #脾辫快悼"
-救崇窍技夸 #痢焊侥胶 涝聪促.?? .弊悼救狼 坷锹霖厚甫 付摹绊 靛叼绢#坷疵 坷锹阑 窍看嚼聪促.(具龋)?.坷锹苞 悼矫俊 腹篮盒甸捞 茫酒林寂辑 皑荤且 蝶抚涝聪促.?窍瘤父 固软茄痢捞 腹酒 阂祈窍继阑巴阑 积阿窍聪 酒浆框捞 巢匙夸?菊栏肺 瞒瞒 俺急秦啊档废 畴仿窍摆嚼聪促???鸥捞仟靛 饭胶配尔 痢焊侥胶客 #窃膊秦夸 ??-荤柳狼 扼捞胶 皋春绰 #铺墨颇坷公皆 涝聪促? 促柳 #蹬瘤绊扁 甫 #奔家胶 俊 #概霓 窍霸 汉篮#汉澜逛 夸府涝聪促??-#jumbo6#痢焊6#阑瘤肺3啊#阑瘤肺3啊开#历悼咐笼#咐笼#咐胶鸥弊伐#痢缴皋春#雀荤盔#咐痢#流爹#怕惫澜侥#鸥捞仟靛#怕惫夸府
#辑匡#seoul#2龋急#阑瘤肺3啊开#康遏榜桂捞#家钙#11荤窜#器馆#辑匡咯青#矫固场芒#瘤档里捞 笛器伙器捍扁拌~ 阑瘤肺榜桂捞榜格~ :D
坷疵 窍风档 #狐箕#阑瘤肺3啊开 父 坷搁 #乔帮秦#朝揪 固闷促
#阑瘤肺3啊开 #厚令季磐 #奇殴胶 #朝亮酒 #悼秦锅陆辑秦锅陆 #券铰崔牢 快府 康老揪 没家秦林绊 辑匡傍扁父 暖 该绊 促矫 牢玫栏肺!!!
#魂固备郡 #积钙林 #阑瘤肺3啊开 #府舅配 #贱胶鸥弊伐 #冈胶鸥弊伐
模备啊霸坷锹沁栏夸!! 腹捞甸 啊林技侩!?? #痢焊6 #Jombo6#阑瘤肺3啊开 #12锅免备 #怕惫澜侥痢 #坷锹#铺鸥捞册 #谎铺掐目府 #铺墨颇坷公皆 #铺墨颇坷鳖捞皆#紧淬
#阑瘤肺3啊开 BIXX 愁矾坷技夸#努扼快靛 坷傈浚 #墨其 档 钦聪促
#阑瘤搁苛 #阑瘤肺3啊 #阑瘤肺3啊开 #乞剧趁搁 #乞煌 #乞剧趁搁咐笼 #咐笼 #pineavenue #绊缅啊风 #公辫摹 #祈腊 #阑瘤肺涝备开 #咯抚 #咯抚趁搁 #辫c #楷抗牢 #吩单归拳痢 #吩单归拳痢夯痢 #遏乔浆 #rockfish #惫刮篮青 #bullboxer #瞒覆钎 #搁荐 #滴波款呐 #滴嫡 #琶矫 #锅龋钎 #16
#冈胶鸥弊伐 #悼版快悼 #快悼墨饭霓厚 #5.000盔#阑瘤肺3啊开 8锅免备#老鸥街乔
奔覆眉 恐烈 #阑瘤肺3啊开#叼磊捞呈鲍酚洒扁
"啊拜档, 咐档 亮篮 坷淡快悼#悼版快悼#坷淡快悼#阑瘤肺3啊开"
绢力 出滴绊 埃 乓喉矾档 茫阑扳绢力俊 捞绢 坷疵篮 厚忽剐搁!开矫 厚忽剐搁篮 芒盔俊 炔焊剐搁捞 力老 咐乐促.弊唱历唱 绢力 茄 捍 付脚 鉴窍府窜咐捞 皑倒酒 鲍酚促.促脚 救 付寂具瘤... #江茄档矫巢磊 #阑瘤肺3啊开 #疙焊荤芭府 #啊柯剐搁
坷疵狼 历翅篮 剐搁涝聪促.SNS 焊绰单 辑匡俊 剐搁笼捞 窍唱 货肺 积板促 弊贰辑坷疵 鞍篮 朝揪俊 迭捞促 酵绢 吭绢夸.悼匙俊档 剐搁笼 窍唱甫 惯斑窍绊 扁患绰单贾流洒 咐捞 呈公 瞒啊款 咐捞饿鳖 场咐俊 竟镜沁绰单捞扒 笼俊辑 冈带 粱 柳茄 咐捞 歹 唱匙夸.弊贰档 歹 冈绊 酵篮扒 芒盔俊 乐绰 剐搁笼 厚忽剐搁捞烈.鞠瓢!辑匡荤恩甸 茄抛绰 剐搁捞 沥富 积家茄 澜侥牢啊毫夸.糠俊辑 汲疙窍绰单 绢骂促 翠翠茄瘤... 弊府绊 促甸 坷疵 拳夸老 鞍促~ 弊矾矫绰单傈 陛夸老 鞍篮单... 撵瓤瓤瓤瓤... #江茄档矫巢磊 #阑瘤肺3啊开 #疙焊荤芭府#啊柯剐搁
硼辟饶 瓤柳捞尔 畴啊府 绵力俊辑?积钙林啊 1000盔烙!!!!⒔⒔⒔炉炼酒???硅磐柳促せせ#阑瘤肺3啊开 #畴啊府 #钙林 #绵力 #畴啊府绵力
#措眠茄舅#阑瘤肺3啊开#蓖啊辨#
#窍内 #矫弊聪贸咐笼 #阑瘤肺3啊开咐笼 #阑瘤肺3啊开 #伙般混 #趁葛剐 #瞒酱亥肚 #亥肚 #皋赣靛目乔 #MAMMOTHCOFFEE #敲饭牢夸芭飘 #酒捞胶酒皋府墨畴 #咐痢 #痢缴 #冈胶鸥 #冈胶鸥弊伐
#窍内 #矫弊聪贸咐笼 #阑瘤肺3啊开咐笼 #阑瘤肺3啊开 #伙般混 #趁葛剐 #瞒酱亥肚 #亥肚 #皋赣靛目乔 #MAMMOTHCOFFEE #敲饭牢夸芭飘 #酒捞胶酒皋府墨畴 #咐痢 #痢缴 #冈胶鸥 #冈胶鸥弊伐
#窍内 #矫弊聪贸咐笼 #阑瘤肺3啊开咐笼 #阑瘤肺3啊开 #伙般混 #趁葛剐 #瞒酱亥肚 #亥肚 #皋赣靛目乔 #MAMMOTHCOFFEE #敲饭牢夸芭飘 #酒捞胶酒皋府墨畴 #咐痢 #痢缴 #冈胶鸥 #冈胶鸥弊伐
#官坷瞒捞#帕荐腊#楼厘搁#汉澜逛#阑瘤肺3啊开#咐胶鸥#咐胶鸥弊伐#冈胶鸥#冈胶鸥弊伐#吝惫夸府#瞒捞唱夸府#吝惫澜侥#痢缴#繁摹#过墨 蛮胶
#官坷瞒捞#帕荐腊#楼厘搁#汉澜逛#阑瘤肺3啊开#咐胶鸥#咐胶鸥弊伐#冈胶鸥#冈胶鸥弊伐#吝惫夸府#瞒捞唱夸府#吝惫澜侥#痢缴#繁摹#过墨 蛮胶
#官坷瞒捞#帕荐腊#楼厘搁#汉澜逛#阑瘤肺3啊开#咐胶鸥#咐胶鸥弊伐#冈胶鸥#冈胶鸥弊伐#吝惫夸府#瞒捞唱夸府#吝惫澜侥#痢缴#繁摹#过墨 蛮胶
#雀荤 菊 货肺 坷锹茄 #墨其 #目乔鸥烙 #岿夸老 篮 浆决浆决 癌矫促~~#老 父 且鉴 绝鲤衬夸? #流爹#流厘牢#荐目乔汉绰笼#噶绊官唱唱#海捞臂#积碍瞒#阑瘤肺3啊开#阑瘤肺#归捍盔
#2龋急 #阑瘤肺3啊开  涝备  #面公辫逛苞惫荐 俊辑 #儡摹惫荐 历放窍绊 亮促. 免辟辨俊 戈摹腊荐 郴澜捞 瘤窍枚 开荤鳖瘤 郴妨客 磊必沁带 笼. .#冈胶鸥弊伐#冈规#冈何覆#冈胶鸥#橙橙#咐胶鸥弊伐#咐笼#咐胶鸥#咐乐促弊伐#咐#澜侥#夸府#急迫#嘎迫#迫肺快#家烹#老惑#亮酒夸#牢模#good#taste#food#seoul#korea
铼戟泉瑾お藩濯溪藩绐仟椽丢#2ndcasa #阑瘤肺3啊开 #豇祉梧邬汐斧惬螳? #甭广
泅厘荤公角B3F坷疵档 公荤洒 泅厘 场车栏搁~せせ#厘背悼#泅厘荤公角#B3F#牧抛捞呈#牢抛府绢雀荤#阑瘤肺3啊开#脚绵傍荤#讥靛肺雷#困氰茄泅厘?#救傈背腊
葛惦傈 咐乐促 阑瘤肺3啊开 皑荤钦聪促~#阑瘤肺3啊开#归捍盔菊#葛惦傈#茄己傈#家林#钙林#阜吧府
洳师欷阪羽巯旭瞩...1掖耶僳瞩兆蟓?揞ら..?..?（夙咫瞩）#Korea#Seoul#wait#me#阑瘤肺3啊开#豚颞重3识#蚤邾憷崴麒
??墨其叼配弥楷家颊丛?? #吝备#墨其#弥楷家颊丛#蜡唱#倔胶鸥弊伐#酒扁胶鸥弊伐#蓖夸固#局扁#颊丛#辑匡#阑瘤肺3啊开#目乔付矫矾坷技夸#坷锹捞亥飘抗沥#junggu#cafe#open#seoul#coffee#baby#guest
??墨其叼配弥楷家颊丛?? #吝备#墨其#弥楷家颊丛#蜡唱#倔胶鸥弊伐#酒扁胶鸥弊伐#蓖夸固#局扁#颊丛#辑匡#阑瘤肺3啊开#目乔付矫矾坷技夸#坷锹捞亥飘抗沥#junggu#cafe#open#seoul#coffee#baby#guest#follow
#SquareInstaPic #枚电仇 #阑瘤肺3啊开 #咐笼 #绊扁 #咐胶鸥弊伐
积阿秦 焊聪 #阑瘤肺3啊开 券铰父 沁瘤 开荤甫 芭匆菌带 利篮 坷疵捞 贸澜牢 淀@*^-^*@坷疵 促矫 蠢长 芭瘤父 开父狼 蠢肠 曼 崔扼~~~???? 观栏肺 唱客 官肺 传俊 焊捞绰 #N鸥况 尔 辟贸 榜格栏肺 甸绢 辑聪 官肺 焊捞带 #寒弊覆 #InstaSize
全全 ⒔ 啊毫具瘤 传穿抄唱 ⒔#归泅 #积老堡绊 #扒措涝备开 #阑瘤肺3啊开 #19920506 #茄崔档救巢疽匙
#概赣靛目乔#阑瘤肺2啊痢#阑瘤肺3啊开#荐钎悼#悼剧#酒葛饭欺矫侨#矫弊聪媚鸥况#mmth#029#幂颇#乔痹绢#盔乔胶#反胶鸥弊伐 绊缚促 靛赋酒 炉炉炉???#配夸老#坷锹#林6老
"#硼辟 #雀侥 #疙悼庆瘤胶 #咐胶鸥弊伐 #冈胶鸥弊伐 #傍蜡 #家烹 #疙悼 #阑瘤肺3啊开 #归捍盔 #枚电仇 #枚电伙般混 #皑磊客绊备付部瘤 圾矾靛 颇胶鸥, 兑硅扁农覆府炼肚, 何厚何厚逛 促 咐乐坷~~⒔坷疵档 脚技拌 惯斑 : )巢模丛@kim_1_0 咯扁 癌矫促!!"
#坷锹#概赣靛目乔#皋赣靛目乔#酒皋府墨畴#目乔#墨其#抛捞农酒眶#酒葛饭欺矫侨#矫弊聪媚鸥况#阑瘤肺2啊#阑瘤肺3啊开#荐钎悼#029
#InstaSize #流厘牢 #流胶鸥弊伐 #阑瘤肺3啊开 #矫弊聪媚鸥况 酒魔付促 捞 且赣聪 1锅免备菊俊 阜绊 辑辑 概老 林矫绰单..坷疵 贸澜栏肺 旗 焊聪..切积且牢..唱 23技 固父牢芭具??? ^^播厩~~~
#阑瘤肺3啊开 #阑瘤肺咐笼 #冈胶鸥弊伐 #悼盔笼#立矫鉴措 #晨货窍唱档救唱 #家林懦矾 #急硅
#阑瘤肺3啊开 #阑瘤肺咐笼 #冈胶鸥弊伐 #悼盔笼#皑楞惫 #焕促蓖秦厘惫 #家林懦矾 #饶硅
20150311 Euljiro 3-ga Station #korea #seoul #euljiro #subway #instadaily #InstaSize #阑瘤肺3啊开 #瘤窍枚
#阂绊扁鞘扼橇#咐痢#咐胶鸥#冈胶鸥#冈胶鸥弊伐#咐胶鸥弊伐#阂绊扁#鞘扼橇#逛#侥荤#痢缴#痢缴侥荤#lunch#其欺肺聪乔磊#乔磊#阑瘤肺#阑瘤肺咐笼#阑瘤肺3啊开#阑瘤肺3啊开咐笼#面公肺咐笼#辆肺咐笼#备抚傍规
#坷锹#霖厚吝#概赣靛目乔#mmth#荐钎悼#阑瘤肺3啊开#29龋痢#酒皋府墨畴#酒酒#汲方
#InstaSize #没拌玫 #酒葛饭欺矫侨 #矫弊聪媚鸥况 #阑瘤肺3啊开 #coffee #目乔 #流厘牢 #流胶鸥弊伐  乞裹茄 措茄刮惫 流厘牢狼 酒魔浅版 ぞ
"#InstaSize #阑瘤肺3啊开 #矫弊聪媚鸥况 #没拌玫 #酒葛饭欺矫侨 #酒捞坷其 #俊绢捻记 new 俊绢捻记 荤傈眉氰 夯前 快祈累诀..埃父俊 捞繁 窜鉴诀公甫 -.,- 鞠瓢 扁措窍技夸坷~~^^"
#InstaSize #流厘牢 #矫 #矫弊聪媚鸥况 #阑瘤肺3啊开 #没拌玫 #目乔 #coffee unknow coffee
#InstaSize #档风宫备捞 #沥辆 #没拌玫 #阑瘤肺3啊开 #矫弊聪媚鸥况  蝶舵茄 沥辆苞 档风宫备捞狼 绊家茄 舅~~~~~~~~酒 肚 冈绊橇促
郴 荤尔 鉴措惫#kfoodstory #foodstagram #foodporn #yummy #yum ##冈胶鸥弊伐 #咐胶鸥弊伐 #咐笼  #魂荐癌魂#阑瘤肺3啊开
#悼版快悼#咐笼 #冈胶鸥弊伐 #咐胶鸥弊伐 #冈绢焊磊 #阑瘤肺3啊开
#矫 #荤尔 #阑瘤肺3啊开
#阑瘤肺 #冈规 唱甸捞艾带朝 1瞒 #肮付阑 #阑瘤肺3啊开 笼钦 ?? ..词篮林力俊 #单老府疯 愁捞茄促哥拌窜 棵扼啊促富绊 器令棱扁せせせせ@bakas 呈 荤柳 粱 嘛绰促? 啊阐 冠累啊俊霸 何殴秦具霸朵 ??? .. #dailylook #instadaily #instafashion #fashionblogger #selfi #菩胶鸥弊伐#倔胶鸥弊伐 #胶拉力聪 #老惑
#档风宫 舅 攀攀攀!..悼积 绢赣丛 窜榜笼~!..#阑瘤肺3啊#阑瘤肺3啊开#阑瘤肺3啊开咐笼#koreafood #korea #korefood #koreanfood #food #冈胶鸥弊伐#foodstagram#档风宫#矫箕葛#
瘤窍枚狼 矫甫 怖 佬绰促 恐 弊绰 #祈瘤甫 何摹瘤 臼疽阑鳖#阑瘤肺3啊开#亮篮矫#亮篮臂#臂蓖#皑己胶鸥弊伐 #亮篮臂阑静绊酵促#咯青 啊绊酵促
#老惑#阑瘤肺3啊#阑瘤肺3啊开#厚笛扁#厚笛扁都#厚笛扁锭#货#bird#货胶鸥弊伐#备备#gugu#birdstargram#嘎迫 #急迫 #模胶鸥弊伐 #瘩臂 #单老府 #daily
#痹悼#痢缴#痢缴矫埃#软涝#积碍#阑瘤肺3啊开咐笼#阑瘤肺咐笼#阑瘤肺3啊开#阑瘤肺3啊痢缴矫埃 窜榜笼 吝 茄镑 ⒕啊拜档 6贸惩俊 彬阐窍霸 茄尝侥荤且 荐 乐绰镑 橙橙 捞蝶促虐付静~~⒕#咐胶鸥 #咐胶鸥弊伐 #冈胶鸥弊伐 #冈胶鸥
#20141118 #瘤窍枚 #阑瘤肺3啊开 #GraZy
#IKEA #KOREA #GwangMyeong #20141218 #坷锹 #捞纳酒 #捞纳酒堡疙 #咯扁绰 #阑瘤肺3啊开 #坷锹霖厚吝 #啊备傍锋 #痢痢 #促啊柯促 #拳捞泼啊备傍锋 捞纳酒啊 痢痢 促啊柯促!!!!せ ?????
#痢缴矫埃 #阑瘤肺3啊开 #脚龋措扁 #啊阑寝蝴
#辆肺3啊开 #阑瘤肺3啊开 #榜格辨 #规炔
#瘤窍枚 #胶农赴档绢 #阑瘤肺3啊开 沥富 坷罚父俊 #胶目飘 涝绊 #鳃 脚均促幢.. 绢祸寝框 #渴胶鸥弊伐
#冈胶鸥弊伐#阑瘤肺3啊开#枚电仇#伙般混#格混#枚货#部摹备捞#籍艰阜备捞#阜备捞逛#咐历#
#亩府弊扼乔 #calligraphy #亩府 #富靖亩府 #己版亩府 #富靖  #己版 #己版富靖 #颊臂揪 #抗慧臂揪 #窍唱丛 #抗荐丛 #背雀 #宫惑 #窍聪胶配府 #hanistory #窍聪捞具扁 #阑瘤肺3啊开 #12锅免备林 观俊绰唱狼 汗捞 绝唱捞促 ??肋 救焊捞摆促哥糠俊辑 #勤靛迄 #饶饭浆 肺凯缴洒 厚苗林带#巢模 丛膊皑荤狼 窍飘甫
#亩府弊扼乔 #calligraphy #亩府 #富靖亩府 #己版亩府 #富靖  #己版 #己版富靖 #颊臂揪 #抗慧臂揪 #窍唱丛 #抗荐丛 #背雀 #宫惑 #窍聪胶配府 #hanistory #窍聪捞具扁#阑瘤肺3啊开 #12锅免备 捞霸... #惫拳 牢啊夸? 呈公 抗坏辑 结敌 臂揪客 窃膊 ? 夸硫 抗慧 硅版 乐澜 鞍捞 嘛栏妨绊 结敌 臂揪甫 甸绊促赤夸..せせせせせ??
阑瘤肺榜桂捞矫虐聪 坷淡帕俊 拌鄂富捞档 林匙 #傣盔榜桂捞 #阑瘤肺3啊开
阑瘤肺榜桂捞 #傣盔榜桂捞 #阑瘤肺3啊开
郴 模备 茄霖锐 累前 #阑瘤肺3啊开 #狼磊
#墨其扁芹 #寇辟 #unknowncoffee #2龋痢? #阑瘤肺3啊开 #1锅免备 #窍唱篮青
#阑瘤肺3啊开#奇殴胶 #pentax  #pentaxk3 #korea_insta #ig_korea
#老惑 #牢泅悼 #面公肺 #面公肺开 #阑瘤肺 #阑瘤肺3啊 #阑瘤肺3啊开 #炔乞笼 #催磅帕 #漂 #冈规 #冈胶鸥 #冈胶鸥弊伐 #咐胶鸥弊伐 #food
#阑瘤肺3啊开 #枚电仇 #伙般混 #格混部摹俊 尝况 备况 冈绰 绊标笼 规巩沁促.滴霹窍霸 戒赴 绊扁扼 久绰 咐捞 力措肺促.#冈胶鸥弊伐
款青捞 场唱绊 抄 2龋急寂磐 郴赴 辑匡措涝备开坷疵肺结 舅官 娟变 场!捞力 舅官父 凯缴洒^^;; 官卉订 歹宽 林丛 茫扁!! #酒福官捞飘 #舅官 #累诀 #Daily #单老府 #具埃 #具埃累诀 #具埃舅官 #2龋急 #辑匡皋飘肺 #瘤窍枚 #傈枚 #seoulmetro #metro #凯瞒 #辑匡措涝备开 #阑瘤肺3啊开 #脚玫开
#颊荐汉绰目乔茄距规#目乔茄距规#阑瘤肺3啊开#阑瘤肺3啊墨其#巨公货#墨其#酒捞胶酒皋府墨畴#酒皋府墨畴#咐痢#评盔评盔甸苞 #咐痢窍绊 评厘丛捞 烤朝 促规啊杭否?窍歹聪 胆部 埃镑篮 目乔茄距规!快客 榜格救俊 见绢乐绰 岗乐绰 墨其促沥富 啊杭父茄 墨其牢淀!目乔咐档 吗窍绊 盒困扁档 亮绊 老窍矫绰 流盔盒甸档 绕绕窍矫绊 巨公货档 蓖勘绊 ぞせ炼坷鸥酒?
#乞贰苛 #阑瘤肺咐笼 #阑瘤肺3啊开 #茫酒扼咐乐绰TV #冈胶鸥弊伐 #咐胶鸥弊伐 #乞剧趁搁 #拱趁搁 #厚忽趁搁 #催公魔弊朝 规价俊辑 1困秦辑 啊好绰单.. 郴 涝咐浚 筋筋.. 辟单 规价免楷秦辑 弊繁啊 荤恩甸捞 逞媚巢. 檬拌帕捞 咐乐绰瘤 弊吧 靛矫绰盒甸捞 歹 腹澜. 催公魔 咐乐促 窍辨贰 扁措 儡多 沁歹聪.. 呈公沁绢ばば X..... 弊贰档 3措 乞剧趁搁甸狼 啊拜俊 厚窍搁 酒林 馒茄 8000盔!
烹捞 抗坏辑 嘛菌绰单 #Deathlens 啊 呈公 拳阿捞 目辑 措厘酒啊揪啊 档迷登滚啡绢. 付捞 模窍瘤绰 臼瘤父 抗慧 楷亢 鞍篮 模备啊 窍绰 啊霸. #阑瘤肺3啊开 8锅免备. #analogue20_21. 构 咐抄芭 腹捞 魄促
瘤陛 捞 鉴埃狼 青汗-#矫胶鸥弊伐 #瘤窍枚 #阑瘤肺3啊开
Feeling LOST in the SUBWAY ????? nosebleed!!!! ?藩お仟躬??（?≡?）#ffkorea #seoul #southkorea #gopro #subway #祉茆 #? #沔氏嗍 #耖? #斋＋戢垣箪 #斋＋戢垣 #?藩 #偈桫祉 #阑瘤肺3啊开 #阑瘤肺 #瘤窍枚 #单老府 #模备 #模弊鸥弊伐 #青汗 #辑匡 #茄惫 #鞘府巧荤恩 #咯青 #牢胶鸥 #航
免辟傈 逛矛败冈扁 蓖满促? 搬惫 瘤唱啊促 荤冈菌促绰 距父 酒聪搁 绢绒#InstaSize #堆饭陵福 #酒魔侥荤 #滴蜡 #摹令具盲户 #阑瘤肺3啊开
啊瘤繁洒 初牢 #酒抚促款葛嚼#枚电仇#阑瘤肺3啊开#20140408 #荐夸老  #wednesday
#冈胶鸥弊伐#阑瘤肺3啊开#脚扁#绊扁#枚电仇#老惑
合茄魂 笛饭辨 啊焊绊 酵焙!#3龋急#阑瘤肺3啊开#subwayadvertising#Mt.Bukhan#walkway#dulegil
#沥臂#抛付粮#阑瘤肺3啊开
